# Methods whose compiled body is a single RET: there is nothing in the binary to recover, whatever the
# original source says. Regenerate with:
#   probe2 <libil2cpp.so> <global-metadata.dat> <unityVersion> bare > tools/bare-returns.tsv
# assembly<TAB>type<TAB>member<TAB>parameters
mscorlib	Locale	GetText	1
mscorlib	SR	GetString	1
mscorlib	SR	GetResourceString	1
mscorlib	Mono.Xml.SecurityParser	OnStartParsing	1
mscorlib	Mono.Xml.SecurityParser	OnProcessingInstruction	2
mscorlib	Mono.Xml.SecurityParser	OnIgnorableWhitespace	1
mscorlib	Mono.Xml.SecurityParser	OnEndParsing	1
mscorlib	System.String	Clone	0
mscorlib	System.String	ToString	0
mscorlib	System.String	ToString	1
mscorlib	System.ArraySegment`1+Enumerator	Dispose	0
mscorlib	System.Convert	ToChar	1
mscorlib	System.Convert	ToUInt16	1
mscorlib	System.Convert	ToString	1
mscorlib	System.DateTimeFormat	InvalidFormatForLocal	2
mscorlib	System.Memory`1	op_Implicit	1
mscorlib	System.Number	Low32	1
mscorlib	System.TimeSpan	FromTicks	1
mscorlib	System.Array+InternalEnumerator`1	Dispose	0
mscorlib	System.Array+EmptyInternalEnumerator`1	Dispose	0
mscorlib	System.Array+EmptyInternalEnumerator`1	System.Collections.IEnumerator.Reset	0
mscorlib	System.Array	get_SyncRoot	0
mscorlib	System.GC	KeepAlive	1
mscorlib	System.RuntimeType	get_UnderlyingSystemType	0
mscorlib	System.RuntimeType	Clone	0
mscorlib	System.SharedStatics	.ctor	0
mscorlib	System.AppContextDefaultValues	PopulateDefaultValues	0
mscorlib	System.AppDomain	.ctor	0
mscorlib	System.Environment	GetResourceString	1
mscorlib	System.MonoTypeInfo	.ctor	0
mscorlib	System.AppDomainSetup	.ctor	0
mscorlib	System.DelegateData	.ctor	0
mscorlib	System.IntPtr	op_Explicit	1
mscorlib	System.IntPtr	op_Explicit	1
mscorlib	System.IntPtr	op_Explicit	1
mscorlib	System.IntPtr	op_Explicit	1
mscorlib	System.IntPtr	op_Explicit	1
mscorlib	System.MarshalByRefObject	.ctor	0
mscorlib	System.MonoAsyncCall	.ctor	0
mscorlib	System.MonoListItem	.ctor	0
mscorlib	System.NullConsoleDriver	.ctor	0
mscorlib	System.Object	.ctor	0
mscorlib	System.Object	Finalize	0
mscorlib	System.Object	FieldGetter	3
mscorlib	System.Object	FieldSetter	3
mscorlib	System.ByteMatcher	Sort	0
mscorlib	System.TypeNames+ATypeName	.ctor	0
mscorlib	System.UIntPtr	op_Explicit	1
mscorlib	System.UIntPtr	op_Explicit	1
mscorlib	System.Decimal	AsMutable	1
mscorlib	System.Threading.SemaphoreSlim+TaskNode	System.Threading.IThreadPoolWorkItem.MarkAborted	1
mscorlib	System.Threading.ExecutionContext	Dispose	0
mscorlib	System.Threading.SynchronizationContext	OperationStarted	0
mscorlib	System.Threading.SynchronizationContext	OperationCompleted	0
mscorlib	System.Threading.QueueUserWorkItemCallback	System.Threading.IThreadPoolWorkItem.MarkAborted	1
mscorlib	System.Threading.Timer	KeepRootedWhileScheduled	0
mscorlib	System.Threading.Tasks.DebuggerSupport	TraceOperationCreation	4
mscorlib	System.Threading.Tasks.DebuggerSupport	TraceOperationCompletion	3
mscorlib	System.Threading.Tasks.DebuggerSupport	TraceOperationRelation	3
mscorlib	System.Threading.Tasks.DebuggerSupport	TraceSynchronousWorkStart	3
mscorlib	System.Threading.Tasks.DebuggerSupport	TraceSynchronousWorkCompletion	2
mscorlib	System.Threading.Tasks.Task	MarkAborted	1
mscorlib	System.Threading.Tasks.CompletionActionInvoker	MarkAborted	1
mscorlib	System.Threading.Tasks.AwaitTaskContinuation	MarkAborted	1
mscorlib	System.Threading.Tasks.TaskScheduler	NotifyWorkItemProgress	0
mscorlib	System.Threading.Tasks.AsyncCausalityTracer	TraceOperationCreation	4
mscorlib	System.Threading.Tasks.AsyncCausalityTracer	TraceOperationCompletion	3
mscorlib	System.Threading.Tasks.AsyncCausalityTracer	TraceSynchronousWorkStart	3
mscorlib	System.Threading.Tasks.AsyncCausalityTracer	TraceSynchronousWorkCompletion	2
mscorlib	System.Security.CodeAccessPermission	System.Security.IPermission.Demand	0
mscorlib	System.Security.PermissionSet	get_SyncRoot	0
mscorlib	System.Security.PermissionSet	System.Runtime.Serialization.IDeserializationCallback.OnDeserialization	1
mscorlib	System.Security.SecureString	Encrypt	0
mscorlib	System.Security.SecureString	Decrypt	0
mscorlib	System.Security.SecurityManager	EnsureElevatedPermissions	0
mscorlib	System.Security.Policy.Evidence	get_SyncRoot	0
mscorlib	System.Security.Cryptography.CryptoStream	Flush	0
mscorlib	System.Security.Cryptography.AsymmetricAlgorithm	Dispose	1
mscorlib	System.Security.Cryptography.TailStream	Flush	0
mscorlib	System.Security.Cryptography.RandomNumberGenerator	Dispose	1
mscorlib	System.Security.Cryptography.X509Certificates.X509CertificateImpl	Dispose	1
mscorlib	System.Runtime.Remoting.ConfigHandler	OnStartParsing	1
mscorlib	System.Runtime.Remoting.ConfigHandler	OnProcessingInstruction	2
mscorlib	System.Runtime.Remoting.ConfigHandler	OnIgnorableWhitespace	1
mscorlib	System.Runtime.Remoting.ConfigHandler	OnChars	1
mscorlib	System.Runtime.Remoting.Proxies.ProxyAttribute	GetPropertiesForNewContext	1
mscorlib	System.Runtime.Remoting.Contexts.ContextCallbackObject	DoCallBack	1
mscorlib	System.Runtime.Remoting.Channels.CrossAppDomainChannel	StartListening	1
mscorlib	System.Runtime.Remoting.Messaging.AsyncResult	System.Threading.IThreadPoolWorkItem.MarkAborted	1
mscorlib	System.Runtime.Remoting.Messaging.MethodCall	Init	0
mscorlib	System.Runtime.Remoting.Messaging.MessageDictionary	get_SyncRoot	0
mscorlib	System.Runtime.Serialization.Formatters.Binary.SerializationHeaderRecord	Dump	0
mscorlib	System.Runtime.Serialization.Formatters.Binary.BinaryAssembly	Dump	0
mscorlib	System.Runtime.Serialization.Formatters.Binary.BinaryCrossAppDomainAssembly	Dump	0
mscorlib	System.Runtime.Serialization.Formatters.Binary.BinaryObject	Dump	0
mscorlib	System.Runtime.Serialization.Formatters.Binary.BinaryMethodCall	Dump	0
mscorlib	System.Runtime.Serialization.Formatters.Binary.BinaryMethodReturn	Dump	0
mscorlib	System.Runtime.Serialization.Formatters.Binary.BinaryObjectString	Dump	0
mscorlib	System.Runtime.Serialization.Formatters.Binary.BinaryCrossAppDomainString	Dump	0
mscorlib	System.Runtime.Serialization.Formatters.Binary.BinaryCrossAppDomainMap	Dump	0
mscorlib	System.Runtime.Serialization.Formatters.Binary.MemberPrimitiveTyped	Dump	0
mscorlib	System.Runtime.Serialization.Formatters.Binary.BinaryObjectWithMap	Dump	0
mscorlib	System.Runtime.Serialization.Formatters.Binary.MemberPrimitiveUnTyped	Dump	0
mscorlib	System.Runtime.Serialization.Formatters.Binary.MemberReference	Dump	0
mscorlib	System.Runtime.Serialization.Formatters.Binary.ObjectNull	Dump	0
mscorlib	System.Runtime.Serialization.Formatters.Binary.MessageEnd	Read	1
mscorlib	System.Runtime.Serialization.Formatters.Binary.MessageEnd	Dump	0
mscorlib	System.Runtime.Serialization.Formatters.Binary.MessageEnd	Dump	1
mscorlib	System.Runtime.Serialization.Formatters.Binary.__BinaryWriter	WriteBegin	0
mscorlib	System.Runtime.Serialization.Formatters.Binary.__BinaryWriter	WriteObjectEnd	2
mscorlib	System.Runtime.Serialization.Formatters.Binary.ReadObjectInfo	ObjectEnd	0
mscorlib	System.Runtime.Serialization.Formatters.Binary.__BinaryParser	ReadBegin	0
mscorlib	System.Runtime.Serialization.Formatters.Binary.__BinaryParser	ReadEnd	0
mscorlib	System.Runtime.InteropServices.MemoryMarshal	AsMemory	1
mscorlib	System.Runtime.InteropServices.MemoryMarshal	GetReference	1
mscorlib	System.Runtime.InteropServices.MemoryMarshal	GetReference	1
mscorlib	System.Runtime.InteropServices.GCHandle	op_Explicit	1
mscorlib	System.Runtime.InteropServices.GCHandle	ToIntPtr	1
mscorlib	System.Runtime.CompilerServices.YieldAwaitable+YieldAwaiter	GetResult	0
mscorlib	System.Runtime.CompilerServices.ConditionalWeakTable`2+Enumerator	Reset	0
mscorlib	System.Runtime.CompilerServices.RuntimeHelpers	PrepareConstrainedRegions	0
mscorlib	System.Runtime.CompilerServices.Unsafe	As	1
mscorlib	System.Runtime.CompilerServices.Unsafe	As	1
mscorlib	System.Runtime.CompilerServices.Unsafe	AsPointer	1
mscorlib	System.Runtime.CompilerServices.Unsafe	AsRef	1
mscorlib	System.Runtime.CompilerServices.Unsafe	AsRef	1
mscorlib	System.Resources.ResourceFallbackManager+<GetEnumerator>d__5	System.IDisposable.Dispose	0
mscorlib	System.Resources.ResourceManager	SetAppXConfiguration	0
mscorlib	System.Reflection.SignatureType	get_UnderlyingSystemType	0
mscorlib	System.Reflection.TypeInfo+<GetDeclaredMethods>d__10	System.IDisposable.Dispose	0
mscorlib	System.Reflection.TypeInfo	System.Reflection.IReflectableType.GetTypeInfo	0
mscorlib	System.Reflection.TypeInfo	AsType	0
mscorlib	System.Reflection.StrongNameKeyPair	System.Runtime.Serialization.IDeserializationCallback.OnDeserialization	1
mscorlib	System.Globalization.NumberFormatInfo	OnDeserializing	1
mscorlib	System.Globalization.NumberFormatInfo	OnDeserialized	1
mscorlib	System.Globalization.CultureData	ReescapeWin32Strings	1
mscorlib	System.Globalization.CultureData	ReescapeWin32String	1
mscorlib	System.Globalization.CultureInfo	CheckNeutral	0
mscorlib	System.Diagnostics.Debugger	NotifyOfCrossThreadDependency	0
mscorlib	System.Diagnostics.Tracing.EventSource	Dispose	1
mscorlib	System.Diagnostics.Tracing.EventSource	WriteEvent	2
mscorlib	System.Diagnostics.Tracing.EventSource	WriteEventCore	3
mscorlib	System.Collections.CollectionBase	get_List	0
mscorlib	System.Collections.CollectionBase	OnSet	3
mscorlib	System.Collections.CollectionBase	OnInsert	2
mscorlib	System.Collections.CollectionBase	OnClear	0
mscorlib	System.Collections.CollectionBase	OnRemove	2
mscorlib	System.Collections.CollectionBase	OnSetComplete	3
mscorlib	System.Collections.CollectionBase	OnInsertComplete	2
mscorlib	System.Collections.CollectionBase	OnClearComplete	0
mscorlib	System.Collections.CollectionBase	OnRemoveComplete	2
mscorlib	System.Collections.Hashtable+SyncHashtable	OnDeserialization	1
mscorlib	System.Collections.Concurrent.ConcurrentQueue`1+<Enumerate>d__28	System.IDisposable.Dispose	0
mscorlib	System.Collections.Concurrent.ConcurrentDictionary`2+<GetEnumerator>d__35	System.IDisposable.Dispose	0
mscorlib	System.Collections.Concurrent.ConcurrentStack`1+<GetEnumerator>d__35	System.IDisposable.Dispose	0
mscorlib	System.Collections.Generic.Dictionary`2+Enumerator	Dispose	0
mscorlib	System.Collections.Generic.Dictionary`2+KeyCollection+Enumerator	Dispose	0
mscorlib	System.Collections.Generic.Dictionary`2+ValueCollection+Enumerator	Dispose	0
mscorlib	System.Collections.Generic.List`1+Enumerator	Dispose	0
mscorlib	System.Collections.Generic.LowLevelListWithIList`1+Enumerator	Dispose	0
mscorlib	System.Buffers.ArrayMemoryPool`1	Dispose	1
mscorlib	System.Buffers.ReadOnlySequence	SegmentToSequenceStart	1
mscorlib	System.Buffers.ReadOnlySequence	SegmentToSequenceEnd	1
mscorlib	System.Buffers.ReadOnlySequence	ArrayToSequenceStart	1
mscorlib	System.Buffers.ReadOnlySequence	MemoryManagerToSequenceEnd	1
mscorlib	System.IO.MemoryStream	Flush	0
mscorlib	System.IO.StreamReader+NullStreamReader	Dispose	1
mscorlib	System.IO.TextReader	Dispose	1
mscorlib	System.IO.TextWriter+NullTextWriter	Write	3
mscorlib	System.IO.TextWriter+NullTextWriter	Write	1
mscorlib	System.IO.TextWriter+NullTextWriter	WriteLine	0
mscorlib	System.IO.TextWriter+NullTextWriter	WriteLine	1
mscorlib	System.IO.TextWriter+NullTextWriter	Write	1
mscorlib	System.IO.TextWriter	Dispose	1
mscorlib	System.IO.TextWriter	Flush	0
mscorlib	System.IO.TextWriter	Write	1
mscorlib	System.IO.Stream+NullStream	set_Position	1
mscorlib	System.IO.Stream+NullStream	Dispose	1
mscorlib	System.IO.Stream+NullStream	Flush	0
mscorlib	System.IO.Stream+NullStream	Write	3
mscorlib	System.IO.Stream+NullStream	Write	1
mscorlib	System.IO.Stream+NullStream	WriteByte	1
mscorlib	System.IO.Stream+NullStream	SetLength	1
mscorlib	System.IO.Stream	Dispose	1
mscorlib	System.IO.Enumeration.FileSystemEnumerator`1	OnDirectoryFinished	1
mscorlib	System.IO.Enumeration.FileSystemEnumerator`1	Dispose	1
UnityEngine.UIElementsModule	UnityEngine.UIElements.AtlasBase	ReturnAtlas	3
UnityEngine.UIElementsModule	UnityEngine.UIElements.AtlasBase	Reset	0
UnityEngine.UIElementsModule	UnityEngine.UIElements.AtlasBase	OnAssignedToPanel	1
UnityEngine.UIElementsModule	UnityEngine.UIElements.AtlasBase	OnRemovedFromPanel	1
UnityEngine.UIElementsModule	UnityEngine.UIElements.AtlasBase	OnUpdateDynamicTextures	1
UnityEngine.UIElementsModule	UnityEngine.UIElements.Binding	OnActivated	1
UnityEngine.UIElementsModule	UnityEngine.UIElements.Binding	OnDeactivated	1
UnityEngine.UIElementsModule	UnityEngine.UIElements.Binding	OnDataSourceChanged	1
UnityEngine.UIElementsModule	UnityEngine.UIElements.BaseTreeViewController+<GetChildrenIds>d__25	System.IDisposable.Dispose	0
UnityEngine.UIElementsModule	UnityEngine.UIElements.BaseTreeViewController+<GetChildrenIdsByIndex>d__41	System.IDisposable.Dispose	0
UnityEngine.UIElementsModule	UnityEngine.UIElements.CollectionViewController	PrepareView	0
UnityEngine.UIElementsModule	UnityEngine.UIElements.CollectionViewController	SetBindingContext	2
UnityEngine.UIElementsModule	UnityEngine.UIElements.CollectionViewController	PreRefresh	0
UnityEngine.UIElementsModule	UnityEngine.UIElements.ReusableMultiColumnListViewItem	Init	1
UnityEngine.UIElementsModule	UnityEngine.UIElements.ReusableMultiColumnTreeViewItem	Init	1
UnityEngine.UIElementsModule	UnityEngine.UIElements.VerticalVirtualizationController`1	OnScrollUpdate	0
UnityEngine.UIElementsModule	UnityEngine.UIElements.BaseSlider`1	ApplyInputDeviceDelta	3
UnityEngine.UIElementsModule	UnityEngine.UIElements.BaseSlider`1	UnityEngine.UIElements.IValueField<TValueType>.StartDragging	0
UnityEngine.UIElementsModule	UnityEngine.UIElements.BaseSlider`1	UnityEngine.UIElements.IValueField<TValueType>.StopDragging	0
UnityEngine.UIElementsModule	UnityEngine.UIElements.BaseSlider`1	ExecuteDefaultAction	1
UnityEngine.UIElementsModule	UnityEngine.UIElements.BaseVerticalCollectionView+<>c	<.ctor>b__179_1	0
UnityEngine.UIElementsModule	UnityEngine.UIElements.BaseVerticalCollectionView	ExecuteDefaultAction	1
UnityEngine.UIElementsModule	UnityEngine.UIElements.BaseVerticalCollectionView	UnityEngine.ISerializationCallbackReceiver.OnBeforeSerialize	0
UnityEngine.UIElementsModule	UnityEngine.UIElements.RectField+<>c	<DescribeFields>b__0_0	1
UnityEngine.UIElementsModule	UnityEngine.UIElements.Vector2Field+<>c	<DescribeFields>b__0_0	1
UnityEngine.UIElementsModule	UnityEngine.UIElements.Vector3Field+<>c	<DescribeFields>b__0_0	1
UnityEngine.UIElementsModule	UnityEngine.UIElements.Vector4Field+<>c	<DescribeFields>b__0_0	1
UnityEngine.UIElementsModule	UnityEngine.UIElements.GroupBox	UnityEngine.UIElements.IGroupBox.OnOptionAdded	1
UnityEngine.UIElementsModule	UnityEngine.UIElements.GroupBox	UnityEngine.UIElements.IGroupBox.OnOptionRemoved	1
UnityEngine.UIElementsModule	UnityEngine.UIElements.TextEditorEventHandler	RegisterCallbacksOnTarget	1
UnityEngine.UIElementsModule	UnityEngine.UIElements.TextEditorEventHandler	UnregisterCallbacksFromTarget	1
UnityEngine.UIElementsModule	UnityEngine.UIElements.TextEditorEventHandler	HandleEventBubbleUp	1
UnityEngine.UIElementsModule	UnityEngine.UIElements.TextInputBaseField`1	UpdateTextFromValue	0
UnityEngine.UIElementsModule	UnityEngine.UIElements.MinMaxSlider	UpdateMixedValueContent	0
UnityEngine.UIElementsModule	UnityEngine.UIElements.DefaultEventSystem+LegacyInputProcessor+NoInput	ClearLastPenContactEvent	0
UnityEngine.UIElementsModule	UnityEngine.UIElements.BaseReorderableDragAndDropController	OnDrop	1
UnityEngine.UIElementsModule	UnityEngine.UIElements.BaseReorderableDragAndDropController	DragCleanup	0
UnityEngine.UIElementsModule	UnityEngine.UIElements.BaseReorderableDragAndDropController	HandleAutoExpand	2
UnityEngine.UIElementsModule	UnityEngine.UIElements.DefaultDragAndDropClient	AcceptDrag	0
UnityEngine.UIElementsModule	UnityEngine.UIElements.DefaultDragAndDropClient	get_data	0
UnityEngine.UIElementsModule	UnityEngine.UIElements.IDragAndDropController`1	DragCleanup	0
UnityEngine.UIElementsModule	UnityEngine.UIElements.IDragAndDropController`1	HandleAutoExpand	2
UnityEngine.UIElementsModule	UnityEngine.UIElements.ListViewDraggerAnimated	ClearDragAndDropUI	1
UnityEngine.UIElementsModule	UnityEngine.UIElements.EventBase	PreDispatch	0
UnityEngine.UIElementsModule	UnityEngine.UIElements.EventBase	PostDispatch	0
UnityEngine.UIElementsModule	UnityEngine.UIElements.CallbackEventHandler	ExecuteDefaultActionAtTarget	1
UnityEngine.UIElementsModule	UnityEngine.UIElements.CallbackEventHandler	HandleEventBubbleUp	1
UnityEngine.UIElementsModule	UnityEngine.UIElements.CallbackEventHandler	HandleEventBubbleUpDisabled	1
UnityEngine.UIElementsModule	UnityEngine.UIElements.CallbackEventHandler	HandleEventTrickleDown	1
UnityEngine.UIElementsModule	UnityEngine.UIElements.CallbackEventHandler	HandleEventTrickleDownDisabled	1
UnityEngine.UIElementsModule	UnityEngine.UIElements.CallbackEventHandler	ExecuteDefaultAction	1
UnityEngine.UIElementsModule	UnityEngine.UIElements.CallbackEventHandler	ExecuteDefaultActionDisabledAtTarget	1
UnityEngine.UIElementsModule	UnityEngine.UIElements.CallbackEventHandler	ExecuteDefaultActionDisabled	1
UnityEngine.UIElementsModule	UnityEngine.UIElements.StylePropertyNameCollection+Enumerator	Reset	0
UnityEngine.UIElementsModule	UnityEngine.UIElements.FocusChangeDirection	Dispose	0
UnityEngine.UIElementsModule	UnityEngine.UIElements.PanelSettings	Reset	0
UnityEngine.UIElementsModule	UnityEngine.UIElements.BaseVisualElementPanel	UnityEngine.UIElements.IGroupBox.OnOptionAdded	1
UnityEngine.UIElementsModule	UnityEngine.UIElements.BaseVisualElementPanel	UnityEngine.UIElements.IGroupBox.OnOptionRemoved	1
UnityEngine.UIElementsModule	UnityEngine.UIElements.BaseRuntimePanel+<>c	<.cctor>b__52_0	1
UnityEngine.UIElementsModule	UnityEngine.UIElements.ScheduledItem	OnItemUnscheduled	0
UnityEngine.UIElementsModule	UnityEngine.UIElements.EasingFunction	op_Implicit	1
UnityEngine.UIElementsModule	UnityEngine.UIElements.VisualElement	get_styleAnimation	0
UnityEngine.UIElementsModule	UnityEngine.UIElements.VisualElement	set_disablePlayModeTint	1
UnityEngine.UIElementsModule	UnityEngine.UIElements.VisualElement	get_transform	0
UnityEngine.UIElementsModule	UnityEngine.UIElements.VisualElement	OnViewDataReady	0
UnityEngine.UIElementsModule	UnityEngine.UIElements.VisualElement	get_experimental	0
UnityEngine.UIElementsModule	UnityEngine.UIElements.VisualElement	UnityEngine.UIElements.IExperimentalFeatures.get_animation	0
UnityEngine.UIElementsModule	UnityEngine.UIElements.VisualElement	get_contentContainer	0
UnityEngine.UIElementsModule	UnityEngine.UIElements.VisualElement	get_schedule	0
UnityEngine.UIElementsModule	UnityEngine.UIElements.StylePropertyName+PropertyBag+IdProperty	SetValue	2
UnityEngine.UIElementsModule	UnityEngine.UIElements.StylePropertyName+PropertyBag+NameProperty	SetValue	2
UnityEngine.UIElementsModule	UnityEngine.UIElements.StyleComplexSelector	OnBeforeSerialize	0
UnityEngine.UIElementsModule	UnityEngine.UIElements.TextElement	get_edition	0
UnityEngine.UIElementsModule	UnityEngine.UIElements.TextElement	get_selection	0
UnityEngine.UIElementsModule	UnityEngine.UIElements.RuntimeUIElementsBridge	SetWantsMouseJumping	1
UnityEngine.UIElementsModule	UnityEngine.UIElements.UQuery+UQueryMatcher+<>c	<TraverseRecursive>b__5_0	2
UnityEngine.UIElementsModule	UnityEngine.UIElements.UQuery+UQueryMatcher	NoProcessResult	2
UnityEngine.UIElementsModule	UnityEngine.UIElements.UxmlTraits	Init	3
UnityEngine.UIElementsModule	UnityEngine.UIElements.UxmlObjectTraits`1	Init	3
UnityEngine.UIElementsModule	UnityEngine.UIElements.VisualElementAsset	OnBeforeSerialize	0
UnityEngine.UIElementsModule	UnityEngine.UIElements.VisualElementAnimationSystem	OnVersionChanged	2
UnityEngine.UIElementsModule	UnityEngine.UIElements.VisualTreeWorldSpaceHierarchyFlagsUpdater	Update	0
UnityEngine.UIElementsModule	UnityEngine.UIElements.BaseVisualTreeUpdater	Dispose	1
UnityEngine.UIElementsModule	UnityEngine.UIElements.UIR.ShaderInfoStorageRGBAFloat+<>c	<.cctor>b__2_0	1
UnityEngine.UIElementsModule	UnityEngine.UIElements.UIR.UIRenderDevice+<>c	<.ctor>b__58_1	1
UnityEngine.UIElementsModule	UnityEngine.UIElements.UIR.BestFitAllocator+BlockPool	ResetBlock	1
UnityEngine.UIElementsModule	UnityEngine.UIElements.Experimental.Easing	Linear	1
UnityEngine.UIElementsModule	UnityEngine.UIElements.Experimental.EventDebuggerLogCall	.ctor	2
UnityEngine.UIElementsModule	UnityEngine.UIElements.Experimental.EventDebuggerLogCall	Dispose	0
UnityEngine.UIElementsModule	UnityEngine.UIElements.Experimental.EventDebuggerLogIMGUICall	.ctor	1
UnityEngine.UIElementsModule	UnityEngine.UIElements.Experimental.EventDebuggerLogIMGUICall	Dispose	0
UnityEngine.UIElementsModule	UnityEngine.UIElements.Experimental.EventDebuggerLogExecuteDefaultAction	.ctor	1
UnityEngine.UIElementsModule	UnityEngine.UIElements.Experimental.EventDebuggerLogExecuteDefaultAction	Dispose	0
Unity.InputSystem	UnityEngine.InputSystem.InputActionAsset+<GetEnumerator>d__33	System.IDisposable.Dispose	0
Unity.InputSystem	UnityEngine.InputSystem.InputActionAsset+<get_bindings>d__9	System.IDisposable.Dispose	0
Unity.InputSystem	UnityEngine.InputSystem.InputActionAsset	MarkAsDirty	0
Unity.InputSystem	UnityEngine.InputSystem.InputActionMap	OnBeforeSerialize	0
Unity.InputSystem	UnityEngine.InputSystem.InputActionRebindingExtensions+ParameterEnumerator	Dispose	0
Unity.InputSystem	UnityEngine.InputSystem.InputActionReference	CheckImmutableReference	0
Unity.InputSystem	UnityEngine.InputSystem.InputBindingComposite+<GetPartNames>d__12	System.IDisposable.Dispose	0
Unity.InputSystem	UnityEngine.InputSystem.InputBindingComposite	FinishSetup	1
Unity.InputSystem	UnityEngine.InputSystem.InputBindingCompositeContext+<get_controls>d__2	System.IDisposable.Dispose	0
Unity.InputSystem	UnityEngine.InputSystem.InputControlScheme+MatchResult+Enumerator	Dispose	0
Unity.InputSystem	UnityEngine.InputSystem.InputSystem	set_onEvent	1
Unity.InputSystem	UnityEngine.InputSystem.InputSystem	EnsureInitialized	0
Unity.InputSystem	UnityEngine.InputSystem.InputControl	FinishSetup	0
Unity.InputSystem	UnityEngine.InputSystem.InputControl	RefreshConfiguration	0
Unity.InputSystem	UnityEngine.InputSystem.InputControl	AddProcessor	1
Unity.InputSystem	UnityEngine.InputSystem.InputControlList`1+Enumerator	Dispose	0
Unity.InputSystem	UnityEngine.InputSystem.InputControlPath+<Parse>d__34	System.IDisposable.Dispose	0
Unity.InputSystem	UnityEngine.InputSystem.InputDevice	MakeCurrent	0
Unity.InputSystem	UnityEngine.InputSystem.InputDevice	OnAdded	0
Unity.InputSystem	UnityEngine.InputSystem.InputDevice	OnRemoved	0
Unity.InputSystem	UnityEngine.InputSystem.InputDevice	OnConfigurationChanged	0
Unity.InputSystem	UnityEngine.InputSystem.InputRemoting	System.IObserver<UnityEngine.InputSystem.InputRemoting.Message>.OnError	1
Unity.InputSystem	UnityEngine.InputSystem.InputRemoting	System.IObserver<UnityEngine.InputSystem.InputRemoting.Message>.OnCompleted	0
Unity.InputSystem	UnityEngine.InputSystem.RemoteInputPlayerConnection	System.IObserver<UnityEngine.InputSystem.InputRemoting.Message>.OnError	1
Unity.InputSystem	UnityEngine.InputSystem.RemoteInputPlayerConnection	System.IObserver<UnityEngine.InputSystem.InputRemoting.Message>.OnCompleted	0
Unity.InputSystem	UnityEngine.InputSystem.InputAnalytics	Initialize	1
Unity.InputSystem	UnityEngine.InputSystem.InputManager	RestoreDevicesAfterDomainReloadIfNecessary	0
Unity.InputSystem	UnityEngine.InputSystem.InputManager	WarnAboutDevicesFailingToRecreateAfterDomainReload	0
Unity.InputSystem	UnityEngine.InputSystem.InputSettings	set_filterNoiseOnCurrent	1
Unity.InputSystem	UnityEngine.InputSystem.PlayerInputManager	ValidateInputActionAsset	0
Unity.InputSystem	UnityEngine.InputSystem.XR.TrackedPoseDriver	Awake	0
Unity.InputSystem	UnityEngine.InputSystem.XR.TrackedPoseDriver	OnDestroy	0
Unity.InputSystem	UnityEngine.InputSystem.XR.TrackedPoseDriver	UnityEngine.ISerializationCallbackReceiver.OnBeforeSerialize	0
Unity.InputSystem	UnityEngine.InputSystem.Users.InputUserSettings	Apply	1
Unity.InputSystem	UnityEngine.InputSystem.OnScreen.OnScreenSupport	Initialize	0
Unity.InputSystem	UnityEngine.InputSystem.EnhancedTouch.Touch+<>c	<SaveAndResetState>b__80_1	0
Unity.InputSystem	UnityEngine.InputSystem.EnhancedTouch.TouchHistory+Enumerator	Dispose	0
Unity.InputSystem	UnityEngine.InputSystem.EnhancedTouch.TouchSimulation	UnityEngine.InputSystem.LowLevel.IInputStateChangeMonitor.NotifyControlStateChanged	4
Unity.InputSystem	UnityEngine.InputSystem.EnhancedTouch.TouchSimulation	UnityEngine.InputSystem.LowLevel.IInputStateChangeMonitor.NotifyTimerExpired	4
Unity.InputSystem	UnityEngine.InputSystem.EnhancedTouch.TouchSimulation	InstallStateChangeMonitors	1
Unity.InputSystem	UnityEngine.InputSystem.EnhancedTouch.TouchSimulation	OnSourceControlChangedValue	4
Unity.InputSystem	UnityEngine.InputSystem.EnhancedTouch.TouchSimulation	UninstallStateChangeMonitors	1
Unity.InputSystem	UnityEngine.InputSystem.DualShock.DualShockGamepad	SetLightBarColor	1
Unity.InputSystem	UnityEngine.InputSystem.LowLevel.TouchscreenState	get_primaryTouch	0
Unity.InputSystem	UnityEngine.InputSystem.LowLevel.ActionEvent	ToEventPtr	0
Unity.InputSystem	UnityEngine.InputSystem.LowLevel.DeltaStateEvent	ToEventPtr	0
Unity.InputSystem	UnityEngine.InputSystem.LowLevel.DeltaStateEvent	FromUnchecked	1
Unity.InputSystem	UnityEngine.InputSystem.LowLevel.DeviceConfigurationEvent	ToEventPtr	0
Unity.InputSystem	UnityEngine.InputSystem.LowLevel.DeviceRemoveEvent	ToEventPtr	0
Unity.InputSystem	UnityEngine.InputSystem.LowLevel.IMECompositionString+Enumerator	Dispose	0
Unity.InputSystem	UnityEngine.InputSystem.LowLevel.InputEventBuffer+Enumerator	Dispose	0
Unity.InputSystem	UnityEngine.InputSystem.LowLevel.InputEventPtr	op_Implicit	1
Unity.InputSystem	UnityEngine.InputSystem.LowLevel.InputEventPtr	From	1
Unity.InputSystem	UnityEngine.InputSystem.LowLevel.InputEventPtr	op_Implicit	1
Unity.InputSystem	UnityEngine.InputSystem.LowLevel.InputEventPtr	FromInputEventPtr	1
Unity.InputSystem	UnityEngine.InputSystem.LowLevel.StateEvent	ToEventPtr	0
Unity.InputSystem	UnityEngine.InputSystem.LowLevel.StateEvent	FromUnchecked	1
Unity.InputSystem	UnityEngine.InputSystem.LowLevel.InputStateHistory+Enumerator	Dispose	0
Unity.InputSystem	UnityEngine.InputSystem.LowLevel.InputStateHistory	UnityEngine.InputSystem.LowLevel.IInputStateChangeMonitor.NotifyTimerExpired	4
Unity.InputSystem	UnityEngine.InputSystem.LowLevel.InputStateHistory`1+Enumerator	Dispose	0
Unity.InputSystem	UnityEngine.InputSystem.LowLevel.SelectObservable`2+Select	OnCompleted	0
Unity.InputSystem	UnityEngine.InputSystem.Layouts.InputControlLayout+Collection+<GetBaseLayouts>d__24	System.IDisposable.Dispose	0
Unity.InputSystem	UnityEngine.InputSystem.Layouts.InputDeviceMatcher+<get_patterns>d__4	System.IDisposable.Dispose	0
Unity.InputSystem	UnityEngine.InputSystem.Utilities.InputActionTrace+Enumerator	Dispose	0
Unity.InputSystem	UnityEngine.InputSystem.Utilities.FourCC	op_Implicit	1
Unity.InputSystem	UnityEngine.InputSystem.Utilities.FourCC	op_Implicit	1
Unity.InputSystem	UnityEngine.InputSystem.Utilities.FourCC	FromInt32	1
Unity.InputSystem	UnityEngine.InputSystem.Utilities.FourCC	ToInt32	1
Unity.InputSystem	UnityEngine.InputSystem.Utilities.InlinedArray`1+Enumerator	Dispose	0
Unity.InputSystem	UnityEngine.InputSystem.Utilities.ForDeviceEventObservable+ForDevice	OnCompleted	0
Unity.InputSystem	UnityEngine.InputSystem.Utilities.SelectManyObservable`2+Select	OnCompleted	0
Unity.InputSystem	UnityEngine.InputSystem.Utilities.TakeNObservable`1+Take	OnCompleted	0
Unity.InputSystem	UnityEngine.InputSystem.Utilities.WhereObservable`1+Where	OnCompleted	0
Unity.InputSystem	UnityEngine.InputSystem.Utilities.OneOrMore`2+Enumerator	Dispose	0
Unity.InputSystem	UnityEngine.InputSystem.Utilities.ReadOnlyArray`1+Enumerator	Dispose	0
Unity.InputSystem	UnityEngine.InputSystem.Utilities.StringHelpers+<Split>d__9	System.IDisposable.Dispose	0
Unity.InputSystem	UnityEngine.InputSystem.Utilities.StringHelpers+<Tokenize>d__8	System.IDisposable.Dispose	0
System.Xml	System.Xml.HtmlEncodedRawTextWriter	WriteXmlDeclaration	1
System.Xml	System.Xml.HtmlEncodedRawTextWriter	WriteXmlDeclaration	1
System.Xml	System.Xml.HtmlUtf8RawTextWriter	WriteXmlDeclaration	1
System.Xml	System.Xml.HtmlUtf8RawTextWriter	WriteXmlDeclaration	1
System.Xml	System.Xml.TextEncodedRawTextWriter	WriteXmlDeclaration	1
System.Xml	System.Xml.TextEncodedRawTextWriter	WriteXmlDeclaration	1
System.Xml	System.Xml.TextEncodedRawTextWriter	WriteDocType	4
System.Xml	System.Xml.TextEncodedRawTextWriter	WriteStartElement	3
System.Xml	System.Xml.TextEncodedRawTextWriter	WriteEndElement	3
System.Xml	System.Xml.TextEncodedRawTextWriter	WriteFullEndElement	3
System.Xml	System.Xml.TextEncodedRawTextWriter	StartElementContent	0
System.Xml	System.Xml.TextEncodedRawTextWriter	WriteNamespaceDeclaration	2
System.Xml	System.Xml.TextEncodedRawTextWriter	WriteComment	1
System.Xml	System.Xml.TextEncodedRawTextWriter	WriteProcessingInstruction	2
System.Xml	System.Xml.TextEncodedRawTextWriter	WriteEntityRef	1
System.Xml	System.Xml.TextEncodedRawTextWriter	WriteCharEntity	1
System.Xml	System.Xml.TextEncodedRawTextWriter	WriteSurrogateCharEntity	2
System.Xml	System.Xml.TextUtf8RawTextWriter	WriteXmlDeclaration	1
System.Xml	System.Xml.TextUtf8RawTextWriter	WriteXmlDeclaration	1
System.Xml	System.Xml.TextUtf8RawTextWriter	WriteDocType	4
System.Xml	System.Xml.TextUtf8RawTextWriter	WriteStartElement	3
System.Xml	System.Xml.TextUtf8RawTextWriter	WriteEndElement	3
System.Xml	System.Xml.TextUtf8RawTextWriter	WriteFullEndElement	3
System.Xml	System.Xml.TextUtf8RawTextWriter	StartElementContent	0
System.Xml	System.Xml.TextUtf8RawTextWriter	WriteNamespaceDeclaration	2
System.Xml	System.Xml.TextUtf8RawTextWriter	WriteComment	1
System.Xml	System.Xml.TextUtf8RawTextWriter	WriteProcessingInstruction	2
System.Xml	System.Xml.TextUtf8RawTextWriter	WriteEntityRef	1
System.Xml	System.Xml.TextUtf8RawTextWriter	WriteCharEntity	1
System.Xml	System.Xml.TextUtf8RawTextWriter	WriteSurrogateCharEntity	2
System.Xml	System.Xml.XmlRawWriter	WriteDocType	4
System.Xml	System.Xml.XmlRawWriter	WriteXmlDeclaration	1
System.Xml	System.Xml.XmlRawWriter	WriteXmlDeclaration	1
System.Xml	System.Xml.XmlRawWriter	OnRootElement	1
System.Xml	System.Xml.XmlReader	Close	0
System.Xml	System.Xml.XmlTextReaderImpl+NoNamespaceManager	PushScope	0
System.Xml	System.Xml.XmlTextReaderImpl+NoNamespaceManager	AddNamespace	2
System.Xml	System.Xml.XmlTextReaderImpl+NoNamespaceManager	RemoveNamespace	2
System.Xml	System.Xml.XmlUtf8RawTextWriter	FlushEncoder	0
System.Xml	System.Xml.XmlWriter	Close	0
System.Xml	System.Xml.XsdValidatingReader	get_SchemaInfo	0
System.Xml	System.Xml.XmlAttributeCollection	System.Collections.ICollection.get_SyncRoot	0
System.Xml	System.Xml.XmlCDataSection	WriteContentTo	1
System.Xml	System.Xml.XmlComment	WriteContentTo	1
System.Xml	System.Xml.XmlDeclaration	WriteContentTo	1
System.Xml	System.Xml.XmlDocumentType	WriteContentTo	1
System.Xml	System.Xml.XmlEntity	WriteTo	1
System.Xml	System.Xml.XmlEntity	WriteContentTo	1
System.Xml	System.Xml.XmlNode	set_LastNode	1
System.Xml	System.Xml.XmlNode	set_Prefix	1
System.Xml	System.Xml.XmlNodeList	PrivateDisposeNodeList	0
System.Xml	System.Xml.XmlNotation	WriteTo	1
System.Xml	System.Xml.XmlNotation	WriteContentTo	1
System.Xml	System.Xml.XmlProcessingInstruction	WriteContentTo	1
System.Xml	System.Xml.XmlSignificantWhitespace	WriteContentTo	1
System.Xml	System.Xml.XmlText	WriteContentTo	1
System.Xml	System.Xml.XmlWhitespace	WriteContentTo	1
System.Xml	System.Xml.EmptyEnumerator	System.Collections.IEnumerator.Reset	0
System.Xml	System.Xml.Res	GetString	1
System.Xml	System.Xml.Serialization.XmlSerializationReaderInterpreter	InitIDs	0
System.Xml	System.Xml.Schema.AutoValidator	CompleteValidation	0
System.Xml	System.Xml.Schema.BaseValidator	Validate	0
System.Xml	System.Xml.Schema.BaseValidator	CompleteValidation	0
System.Xml	System.Xml.Schema.LeafNode	ExpandTree	3
System.Xml	System.Xml.Schema.ContentValidator	InitValidation	1
System.Xml	System.Xml.Schema.DatatypeImplementation	VerifySchemaValid	2
System.Xml	System.Xml.Schema.XdrBuilder	XDR_BuildRoot_ID	3
System.Xml	System.Xml.Schema.XmlAtomicValue	System.ICloneable.Clone	0
System.Xml	System.Xml.Schema.XmlSchemaCollection	System.Collections.ICollection.get_SyncRoot	0
System.Xml	System.Xml.Schema.XmlSchemaObject	OnAdd	2
System.Xml	System.Xml.Schema.XmlSchemaObject	OnRemove	2
System.Xml	System.Xml.Schema.XmlSchemaObject	OnClear	1
System.Xml	System.Xml.Schema.XmlSchemaObject	set_IdAttribute	1
System.Xml	System.Xml.Schema.XmlSchemaObject	SetUnhandledAttributes	1
System.Xml	System.Xml.Schema.XmlSchemaObject	AddAnnotation	1
System.Xml	System.Xml.Schema.XmlSchemaObject	set_NameAttribute	1
System.Xml	System.Xml.Schema.XmlSchemaType	set_IsMixed	1
System.Xml	System.Xml.Schema.XsdBuilder	ParseUriReference	1
System.Xml	MS.Internal.Xml.XPath.EmptyQuery	Clone	0
System.Xml	MS.Internal.Xml.XPath.EmptyQuery	Evaluate	1
System.Xml	MS.Internal.Xml.XPath.EmptyQuery	Reset	0
System.Xml	MS.Internal.Xml.XPath.OperandQuery	Clone	0
System.Xml	MS.Internal.Xml.XPath.Query	SetXsltContext	1
System.Xml	MS.Internal.Xml.XPath.ValueQuery	Reset	0
System.Xml	MS.Internal.Xml.XPath.XPathEmptyIterator	Clone	0
System.Xml	MS.Internal.Xml.XPath.XPathEmptyIterator	Reset	0
Assembly-CSharp	FullScreenTouchHandler+<>c	<.cctor>b__24_0	1
Assembly-CSharp	FullScreenTouchHandler+<>c	<.cctor>b__24_1	2
Assembly-CSharp	FullScreenTouchHandler+<>c	<.cctor>b__24_2	1
Assembly-CSharp	FullScreenTouchHandler+<>c	<.cctor>b__24_3	1
Assembly-CSharp	FullScreenTouchHandler+<>c	<.cctor>b__24_4	1
Assembly-CSharp	ETFXPEL.ParticleEffectsLibrary	Start	0
Assembly-CSharp	EpicToonFX.ETFXEffectController+<EffectLoop>d__21	System.IDisposable.Dispose	0
Assembly-CSharp	EpicToonFX.ETFXEffectControllerPooled+<EffectLoop>d__22	System.IDisposable.Dispose	0
Assembly-CSharp	EpicToonFX.ETFXEffectCycler+<EffectLoop>d__8	System.IDisposable.Dispose	0
Assembly-CSharp	EpicToonFX.ETFXFireProjectile+<Shoot>d__17	System.IDisposable.Dispose	0
Assembly-CSharp	EpicToonFX.ETFXLoopScript+<EffectLoop>d__7	System.IDisposable.Dispose	0
Assembly-CSharp	EpicToonFX.ETFXMouseOrbit+<AutoRotate>d__25	System.IDisposable.Dispose	0
Assembly-CSharp	EpicToonFX.ETFXTarget+<Respawn>d__14	System.IDisposable.Dispose	0
Assembly-CSharp	EpicToonFX.ETFXTarget+<SquashAndStretch>d__16	System.IDisposable.Dispose	0
Assembly-CSharp	EpicToonFX.ETFXRotation	Start	0
Assembly-CSharp	SoftMasking.SoftMask+Mathr	Min	1
Assembly-CSharp	SoftMasking.SoftMask	Touch	1
Assembly-CSharp	EnhancedUI.EnhancedScroller.EnhancedScroller+<TweenPosition>d__166	System.IDisposable.Dispose	0
Assembly-CSharp	EnhancedUI.EnhancedScroller.EnhancedScrollerCellView	RefreshCellView	0
Assembly-CSharp	EnhancedUI.EnhancedScroller.Tween+<TweenPosition>d__2	System.IDisposable.Dispose	0
Assembly-CSharp	EnhancedScrollerDemos.Pagination.Controller+<FakeDelay>d__13	System.IDisposable.Dispose	0
Assembly-CSharp	EnhancedScrollerDemos.SnappingDemo.PlayWin+<PlayHold>d__9	System.IDisposable.Dispose	0
Assembly-CSharp	EnhancedScrollerDemos.SnappingDemo.PlayWin+<PlayUnZoom>d__10	System.IDisposable.Dispose	0
Assembly-CSharp	EnhancedScrollerDemos.SnappingDemo.PlayWin+<PlayZoom>d__8	System.IDisposable.Dispose	0
Assembly-CSharp	EnhancedScrollerDemos.RemoteResourcesDemo.CellView+<LoadRemoteImage>d__4	System.IDisposable.Dispose	0
Assembly-CSharp	EnhancedScrollerDemos.RemoteResourcesDemo.Controller	HandleCellViewWillRecycleDelegate	1
Assembly-CSharp	Common.GameManager	OnAbilityPurchaseRequested	2
Assembly-CSharp	Common.GameStateIngame	OnEnter	0
Assembly-CSharp	Common.EventManager+<>c	<.cctor>b__13_0	1
Assembly-CSharp	Common.EventManager+<>c	<.cctor>b__13_1	0
Assembly-CSharp	Common.EventManager+<>c	<.cctor>b__13_2	1
Assembly-CSharp	Common.EventManager+<>c	<.cctor>b__13_3	0
Assembly-CSharp	Common.EventManager+<>c	<.cctor>b__13_4	1
Assembly-CSharp	Common.EventManager+<>c	<.cctor>b__13_5	1
Assembly-CSharp	Common.EventManager+<>c	<.cctor>b__13_6	1
Assembly-CSharp	Common.EventManager+<>c	<.cctor>b__13_7	0
Assembly-CSharp	Common.EventManager+<>c	<.cctor>b__13_8	1
Assembly-CSharp	Common.EventManager+<>c	<.cctor>b__13_9	1
Assembly-CSharp	Common.EventManager+<>c	<.cctor>b__13_10	1
Assembly-CSharp	Common.EventManager+<>c	<.cctor>b__13_11	1
Assembly-CSharp	Common.EventManager+<>c	<.cctor>b__13_12	1
Assembly-CSharp	Common.SaveManager	CalcNextLoopLevel	1
Assembly-CSharp	Common.SaveManager	BindAbilitySaveData	0
Assembly-CSharp	Common.HomeMenu	OnDisable	0
Assembly-CSharp	Common.ButtonBackToHub+<>c	<OnBackToHubButtonClicked>b__3_0	0
Assembly-CSharp	CFramework.CoroutineHelper+<CRDelayAction>d__2	System.IDisposable.Dispose	0
Assembly-CSharp	CFramework.CoroutineHelper+<CRDelayFrameAction>d__4	System.IDisposable.Dispose	0
Assembly-CSharp	CFramework.CoroutineHelper+<CRDelayRealtimeAction>d__3	System.IDisposable.Dispose	0
Assembly-CSharp	CFramework.CoroutineHelper+<CRDelayUntilAction>d__5	System.IDisposable.Dispose	0
Assembly-CSharp	CFramework.CoroutineHelper+<WaitSmoothlyForSeconds>d__1	System.IDisposable.Dispose	0
Assembly-CSharp	CFramework.AbilityManager+<>c	<.cctor>b__26_0	1
Assembly-CSharp	CFramework.AbilityManager+<>c	<.cctor>b__26_1	1
Assembly-CSharp	CFramework.AbilityManager+<>c	<.cctor>b__26_2	2
Assembly-CSharp	CFramework.AbilityManager+<>c	<.cctor>b__26_3	2
Assembly-CSharp	CFramework.AbilityStateSO	OnEnter	1
Assembly-CSharp	CFramework.AbilityStateSO	OnUpdate	1
Assembly-CSharp	CFramework.AbilityStateSO	OnExit	1
Assembly-CSharp	CFramework.BaseAbilitySlotUI	Start	0
Assembly-CSharp	CFramework.BaseAbilitySlotUI	OnEnable	0
Assembly-CSharp	CFramework.BaseAbilitySlotUI	OnDisable	0
Assembly-CSharp	CFramework.BaseAbilitySlotUI	HandleButtonClick	0
Assembly-CSharp	CFramework.AdsManager+<CRShowFS>d__35	System.IDisposable.Dispose	0
Assembly-CSharp	CFramework.AdsManager+<CRShowInterstitial>d__34	System.IDisposable.Dispose	0
Assembly-CSharp	CFramework.AdsManager+<CRShowRV>d__45	System.IDisposable.Dispose	0
Assembly-CSharp	CFramework.AdsManager+<CRShowRewarded>d__44	System.IDisposable.Dispose	0
Assembly-CSharp	CFramework.ConsentManager+<Timeout>d__32	System.IDisposable.Dispose	0
Assembly-CSharp	CFramework.AdMobAds+<DelayedLoad>d__14	System.IDisposable.Dispose	0
Assembly-CSharp	CFramework.AdMobAds	Destroy	0
Assembly-CSharp	CFramework.AdSimulatorAds+<CRShowFullscreen>d__40	System.IDisposable.Dispose	0
Assembly-CSharp	CFramework.AdSimulatorAds+<CRShowRewarded>d__41	System.IDisposable.Dispose	0
Assembly-CSharp	CFramework.AdSimulatorAds	Destroy	0
Assembly-CSharp	CFramework.AppLovinAds+<DelayedLoad>d__31	System.IDisposable.Dispose	0
Assembly-CSharp	CFramework.AppLovinAds	Destroy	0
Assembly-CSharp	CFramework.IronSourceAds	Destroy	0
Assembly-CSharp	CFramework.IronSourceAds	RegisterEvents	0
Assembly-CSharp	CFramework.PhysicState`1	OnTriggerEnter2D	1
Assembly-CSharp	CFramework.PhysicState`1	OnTriggerStay2D	1
Assembly-CSharp	CFramework.PhysicState`1	OnTriggerExit2D	1
Assembly-CSharp	CFramework.PhysicState`1	OnCollisionEnter2D	1
Assembly-CSharp	CFramework.PhysicState`1	OnCollisionStay2D	1
Assembly-CSharp	CFramework.PhysicState`1	OnCollisionExit2D	1
Assembly-CSharp	CFramework.PhysicState`1	OnTriggerEnter	1
Assembly-CSharp	CFramework.PhysicState`1	OnTriggerStay	1
Assembly-CSharp	CFramework.PhysicState`1	OnTriggerExit	1
Assembly-CSharp	CFramework.PhysicState`1	OnCollisionEnter	1
Assembly-CSharp	CFramework.PhysicState`1	OnCollisionStay	1
Assembly-CSharp	CFramework.PhysicState`1	OnCollisionExit	1
Assembly-CSharp	CFramework.State`1	OnEnter	0
Assembly-CSharp	CFramework.State`1	OnUpdate	1
Assembly-CSharp	CFramework.State`1	OnFixedUpdate	1
Assembly-CSharp	CFramework.State`1	OnExit	0
Assembly-CSharp	CFramework.GameHubDecision	.cctor	0
Assembly-CSharp	CFramework.GoogleDesignConfigSo`2+<CRPullConfig>d__23	System.IDisposable.Dispose	0
Assembly-CSharp	CFramework.CommonEventManager+<>c	<.cctor>b__10_0	1
Assembly-CSharp	CFramework.CommonEventManager+<>c	<.cctor>b__10_1	1
Assembly-CSharp	CFramework.CommonEventManager+<>c	<.cctor>b__10_2	1
Assembly-CSharp	CFramework.CommonEventManager+<>c	<.cctor>b__10_3	0
Assembly-CSharp	CFramework.CommonEventManager+<>c	<.cctor>b__10_4	0
Assembly-CSharp	CFramework.CommonEventManager+<>c	<.cctor>b__10_5	0
Assembly-CSharp	CFramework.CommonEventManager+<>c	<.cctor>b__10_6	0
Assembly-CSharp	CFramework.CommonEventManager+<>c	<.cctor>b__10_7	0
Assembly-CSharp	CFramework.CommonEventManager+<>c	<.cctor>b__10_8	0
Assembly-CSharp	CFramework.CommonEventManager+<>c	<.cctor>b__10_9	0
Assembly-CSharp	CFramework.PoolManager+<DespawnAfter>d__16	System.IDisposable.Dispose	0
Assembly-CSharp	CFramework.PoolManager+<Start>d__9	System.IDisposable.Dispose	0
Assembly-CSharp	CFramework.NullAdaptivePerformanceService	add_OnThermalWarning	1
Assembly-CSharp	CFramework.NullAdaptivePerformanceService	remove_OnThermalWarning	1
Assembly-CSharp	CFramework.NullAdaptivePerformanceService	add_OnPerformanceLevelChanged	1
Assembly-CSharp	CFramework.NullAdaptivePerformanceService	remove_OnPerformanceLevelChanged	1
Assembly-CSharp	CFramework.NullAppIconService	SetIconByName	1
Assembly-CSharp	CFramework.NullPerformanceService	SetEnabled	1
Assembly-CSharp	CFramework.NullPerformanceTrace	Start	0
Assembly-CSharp	CFramework.NullPerformanceTrace	Stop	0
Assembly-CSharp	CFramework.NullPerformanceTrace	SetAttribute	2
Assembly-CSharp	CFramework.NullPerformanceTrace	IncrementMetric	2
Assembly-CSharp	CFramework.RemoteConfigManager+<FetchRemote>d__21	System.IDisposable.Dispose	0
Assembly-CSharp	CFramework.BaseSaveManager`1+<CRAutoSave>d__18	System.IDisposable.Dispose	0
Assembly-CSharp	CFramework.BaseSaveManager`1	RegisterAllSaveData	0
Assembly-CSharp	CFramework.BaseSaveManager`1	PostInit	0
Assembly-CSharp	CFramework.BaseSaveManager`1	RepairMigrate	0
Assembly-CSharp	CFramework.BaseSaveManager`1	Reset	0
Assembly-CSharp	CFramework.SaveBaseSingleton`1	OnLoaded	0
Assembly-CSharp	CFramework.Timer+<>c	<.ctor>b__23_0	0
Assembly-CSharp	CFramework.Timer+<>c	<.ctor>b__23_1	1
Assembly-CSharp	CFramework.Timer+<>c	<.ctor>b__23_2	0
Assembly-CSharp	CFramework.BaseTrackingNetwork	OnAllNetworksInitialized	1
Assembly-CSharp	CFramework.BaseTrackingNetwork	OnSessionInitialized	1
Assembly-CSharp	CFramework.BaseTrackingNetwork	OnUserLogin	1
Assembly-CSharp	CFramework.BaseTrackingNetwork	SetUserProperty	2
Assembly-CSharp	CFramework.BaseTrackingNetwork	UserAdd	2
Assembly-CSharp	CFramework.BaseTrackingNetwork	LogRevenue	6
Assembly-CSharp	CFramework.BaseTrackingNetwork	SyncUmpConsent	2
Assembly-CSharp	CFramework.BaseTrackingNetwork	TrackAdRevenue	7
Assembly-CSharp	CFramework.AppsFlyerTracking	SyncUmpConsent	2
Assembly-CSharp	CFramework.TrackingSignals+<>c	<.cctor>b__26_0	1
Assembly-CSharp	CFramework.BaseUIView+<>c	<.cctor>b__32_0	2
Assembly-CSharp	CFramework.BaseUIView	Init	1
Assembly-CSharp	CFramework.BaseUIView	HandleBackKey	0
Assembly-CSharp	CFramework.ChangeFontBasedOnLocale	ApplyFontByLocateCode	1
Assembly-CSharp	CFramework.SlicedFilledImage	UnityEngine.UI.ILayoutElement.CalculateLayoutInputHorizontal	0
Assembly-CSharp	CFramework.SlicedFilledImage	UnityEngine.UI.ILayoutElement.CalculateLayoutInputVertical	0
Assembly-CSharp	CFramework.SlicedFilledImage	UnityEngine.ISerializationCallbackReceiver.OnBeforeSerialize	0
Assembly-CSharp	CFramework.UIManager	OpenSystemPopupInfo	4
Assembly-CSharp	CFramework.UIManager	OpenSystemPopupConfirm	5
Assembly-CSharp	CFramework.GizmosDrawer	DrawRectangle	2
Assembly-CSharp	CFramework.GizmosDrawer	DrawHandlesBounds	2
Assembly-CSharp	CFramework.GizmosDrawer	DrawSolidRectangle	4
Assembly-CSharp	CFramework.Logger	LogAssertion	1
Assembly-CSharp	CFramework.Logger	ClearLog	1
Assembly-CSharp	CFramework.EditorExtension	SetDirty	1
Assembly-CSharp	CFramework.EditorExtension	SaveAssetDatabase	2
Assembly-CSharp	CFramework.VectorExtensions	SetX	2
Assembly-CSharp	CFramework.VectorExtensions	SetY	2
Assembly-CSharp	CFramework.VectorExtensions	GetVector2	1
Assembly-CSharp	CFramework.VectorExtensions	SetX	2
Assembly-CSharp	CFramework.VectorExtensions	SetY	2
Assembly-CSharp	CFramework.VectorExtensions	SetZ	2
Assembly-CSharp	CFramework.CustomEasing	Linear	1
Assembly-CSharp	CFramework.InternetChecker+<CRInternetCheck>d__8	System.IDisposable.Dispose	0
Assembly-CSharp	CFramework.CenterOfMass	OnDrawGizmosSelected	0
Assembly-CSharp	CFramework.AppReviewManager	Start	0
Assembly-CSharp	CFramework.SceneUtils+<CRLoadSceneAsync>d__0	System.IDisposable.Dispose	0
Assembly-CSharp	CFramework.SceneUtils+<CRLoadSceneAsync>d__1	System.IDisposable.Dispose	0
Assembly-CSharp	CFramework.SceneUtils+<CRUnloadSceneAsync>d__2	System.IDisposable.Dispose	0
Assembly-CSharp	CFramework.SceneUtils+<CRUnloadSceneAsync>d__3	System.IDisposable.Dispose	0
Assembly-CSharp	CF.BoardController+<DelayedMergeCheck>d__157	System.IDisposable.Dispose	0
Assembly-CSharp	CF.BoardController+<HammerAnimation>d__160	System.IDisposable.Dispose	0
Assembly-CSharp	CF.BoardController+<ProcessCascades>d__142	System.IDisposable.Dispose	0
Assembly-CSharp	CF.BoardController+<ProcessMergeQueue>d__140	System.IDisposable.Dispose	0
Assembly-CSharp	CF.BoardController+<RefillControl>d__141	System.IDisposable.Dispose	0
Assembly-CSharp	CF.AllDesignConfig+<CRPullAll>d__3	System.IDisposable.Dispose	0
Assembly-CSharp	CF.EventManager+<>c	<.cctor>b__15_0	1
Assembly-CSharp	CF.EventManager+<>c	<.cctor>b__15_1	0
Assembly-CSharp	CF.EventManager+<>c	<.cctor>b__15_2	1
Assembly-CSharp	CF.EventManager+<>c	<.cctor>b__15_3	0
Assembly-CSharp	CF.EventManager+<>c	<.cctor>b__15_4	1
Assembly-CSharp	CF.EventManager+<>c	<.cctor>b__15_5	1
Assembly-CSharp	CF.EventManager+<>c	<.cctor>b__15_6	1
Assembly-CSharp	CF.EventManager+<>c	<.cctor>b__15_7	0
Assembly-CSharp	CF.EventManager+<>c	<.cctor>b__15_8	1
Assembly-CSharp	CF.EventManager+<>c	<.cctor>b__15_9	1
Assembly-CSharp	CF.EventManager+<>c	<.cctor>b__15_10	1
Assembly-CSharp	CF.EventManager+<>c	<.cctor>b__15_11	1
Assembly-CSharp	CF.EventManager+<>c	<.cctor>b__15_12	1
Assembly-CSharp	CF.EventManager+<>c	<.cctor>b__15_13	1
Assembly-CSharp	CF.EventManager+<>c	<.cctor>b__15_14	1
Assembly-CSharp	CF.DebugMenu+<CRPullSheetAndRestart>d__24	System.IDisposable.Dispose	0
Assembly-CSharp	CF.DebugMenu	HandleDebugConsentClick	0
Assembly-CSharp	CF.DebugMenu	HandleLanguageClick	0
Assembly-CSharp	CF.IngameMenu+<TargetIntroRoutine>d__46	System.IDisposable.Dispose	0
Assembly-CSharp	CF.TutorialMenu+<BeginTutorial>d__7	System.IDisposable.Dispose	0
Assembly-CSharp	CF.CoinButton	HandleCoinClick	0
Unity.RenderPipelines.Core.Runtime	UnityEngine.Rendering.ComputeCommandBuffer	BeginSample	1
Unity.RenderPipelines.Core.Runtime	UnityEngine.Rendering.ComputeCommandBuffer	EndSample	1
Unity.RenderPipelines.Core.Runtime	UnityEngine.Rendering.RasterCommandBuffer	BeginSample	1
Unity.RenderPipelines.Core.Runtime	UnityEngine.Rendering.RasterCommandBuffer	EndSample	1
Unity.RenderPipelines.Core.Runtime	UnityEngine.Rendering.UnsafeCommandBuffer	BeginSample	1
Unity.RenderPipelines.Core.Runtime	UnityEngine.Rendering.UnsafeCommandBuffer	EndSample	1
Unity.RenderPipelines.Core.Runtime	UnityEngine.Rendering.DynamicArray`1	BumpVersion	0
Unity.RenderPipelines.Core.Runtime	UnityEngine.Rendering.DebugManager+<>c	<.ctor>b__69_0	1
Unity.RenderPipelines.Core.Runtime	UnityEngine.Rendering.DebugManager+<>c	<.ctor>b__69_1	0
Unity.RenderPipelines.Core.Runtime	UnityEngine.Rendering.DebugUI+Panel+<>c	<.ctor>b__29_0	1
Unity.RenderPipelines.Core.Runtime	UnityEngine.Rendering.DebugUpdater+<DoAfterInputModuleUpdated>d__9	System.IDisposable.Dispose	0
Unity.RenderPipelines.Core.Runtime	UnityEngine.Rendering.DebugUpdater+<RefreshRuntimeUINextFrame>d__15	System.IDisposable.Dispose	0
Unity.RenderPipelines.Core.Runtime	UnityEngine.Rendering.DebugUpdater	RuntimeInit	0
Unity.RenderPipelines.Core.Runtime	UnityEngine.Rendering.MousePositionDebug	Build	0
Unity.RenderPipelines.Core.Runtime	UnityEngine.Rendering.MousePositionDebug	Cleanup	0
Unity.RenderPipelines.Core.Runtime	UnityEngine.Rendering.ProfilingScope	.ctor	1
Unity.RenderPipelines.Core.Runtime	UnityEngine.Rendering.ProfilingScope	.ctor	2
Unity.RenderPipelines.Core.Runtime	UnityEngine.Rendering.ProfilingScope	.ctor	2
Unity.RenderPipelines.Core.Runtime	UnityEngine.Rendering.ProfilingScope	Dispose	0
Unity.RenderPipelines.Core.Runtime	UnityEngine.Rendering.IShaderVariantSettings	set_stripDebugVariants	1
Unity.RenderPipelines.Core.Runtime	UnityEngine.Rendering.ProbeDilationSettings	UpgradeFromTo	2
Unity.RenderPipelines.Core.Runtime	UnityEngine.Rendering.ProbeVolumePerSceneData	OnValidate	0
Unity.RenderPipelines.Core.Runtime	UnityEngine.Rendering.LensFlareComponentSRP	Awake	0
Unity.RenderPipelines.Core.Runtime	UnityEngine.Rendering.RenderPipelineGlobalSettings`2	Reset	0
Unity.RenderPipelines.Core.Runtime	UnityEngine.Rendering.RenderPipelineGraphicsSettingsContainer	OnBeforeSerialize	0
Unity.RenderPipelines.Core.Runtime	UnityEngine.Rendering.RenderPipelineGraphicsSettingsContainer	OnAfterDeserialize	0
Unity.RenderPipelines.Core.Runtime	UnityEngine.Rendering.AtlasAllocator+<>c	<.ctor>b__6_0	1
Unity.RenderPipelines.Core.Runtime	UnityEngine.Rendering.AtlasAllocator+<>c	<.ctor>b__6_1	1
Unity.RenderPipelines.Core.Runtime	UnityEngine.Rendering.TextureGradient	Dispose	0
Unity.RenderPipelines.Core.Runtime	UnityEngine.Rendering.VolumeIsolationScope	.ctor	1
Unity.RenderPipelines.Core.Runtime	UnityEngine.Rendering.VolumeIsolationScope	System.IDisposable.Dispose	0
Unity.RenderPipelines.Core.Runtime	UnityEngine.Rendering.VolumeParameter	OnEnable	0
Unity.RenderPipelines.Core.Runtime	UnityEngine.Rendering.VolumeParameter	OnDisable	0
Unity.RenderPipelines.Core.Runtime	UnityEngine.Rendering.VolumeParameter	Release	0
Unity.RenderPipelines.Core.Runtime	UnityEngine.Rendering.RenderGraphModule.RenderGraphProfilingScope	.ctor	2
Unity.RenderPipelines.Core.Runtime	UnityEngine.Rendering.RenderGraphModule.RenderGraphProfilingScope	Dispose	0
Unity.RenderPipelines.Core.Runtime	UnityEngine.Rendering.RenderGraphModule.RenderGraphProfilingScope	Dispose	1
Unity.RenderPipelines.Core.Runtime	UnityEngine.Rendering.RenderGraphModule.RenderGraphObjectPool+SharedObjectPoolBase	Clear	0
Unity.RenderPipelines.Core.Runtime	UnityEngine.Rendering.RenderGraphModule.RenderGraphPass`1	.cctor	0
Unity.RenderPipelines.Core.Runtime	UnityEngine.Rendering.RenderGraphModule.RasterRenderGraphPass`1	.cctor	0
Unity.RenderPipelines.Core.Runtime	UnityEngine.Rendering.RenderGraphModule.RayTracingAccelerationStructureHandle	.cctor	0
Unity.RenderPipelines.Core.Runtime	UnityEngine.Rendering.RenderGraphModule.BufferHandle	.cctor	0
Unity.RenderPipelines.Core.Runtime	UnityEngine.Rendering.RenderGraphModule.RenderGraphResourcePool`1	CheckFrameAllocation	2
Unity.RenderPipelines.Core.Runtime	UnityEngine.Rendering.RenderGraphModule.RenderGraphResourceRegistry	CheckHandleValidity	1
Unity.RenderPipelines.Core.Runtime	UnityEngine.Rendering.RenderGraphModule.TextureHandle	.cctor	0
Unity.RenderPipelines.Core.Runtime	UnityEngine.Rendering.RenderGraphModule.IRenderGraphResource	CreatePooledGraphicsResource	2
Unity.RenderPipelines.Core.Runtime	UnityEngine.Rendering.RenderGraphModule.IRenderGraphResource	CreateGraphicsResource	0
Unity.RenderPipelines.Core.Runtime	UnityEngine.Rendering.RenderGraphModule.IRenderGraphResource	UpdateGraphicsResource	0
Unity.RenderPipelines.Core.Runtime	UnityEngine.Rendering.RenderGraphModule.IRenderGraphResource	ReleasePooledGraphicsResource	2
Unity.RenderPipelines.Core.Runtime	UnityEngine.Rendering.RenderGraphModule.IRenderGraphResource	ReleaseGraphicsResource	0
Unity.RenderPipelines.Core.Runtime	UnityEngine.Rendering.RenderGraphModule.IRenderGraphResource	LogCreation	1
Unity.RenderPipelines.Core.Runtime	UnityEngine.Rendering.RenderGraphModule.IRenderGraphResource	LogRelease	1
Unity.RenderPipelines.Core.Runtime	UnityEngine.Rendering.UI.DebugUIHandlerEnumHistory+<RefreshAfterSanitization>d__4	System.IDisposable.Dispose	0
Unity.RenderPipelines.Core.Runtime	UnityEngine.Rendering.UI.DebugUIHandlerToggleHistory+<RefreshAfterSanitization>d__4	System.IDisposable.Dispose	0
Unity.RenderPipelines.Core.Runtime	UnityEngine.Rendering.UI.DebugUIHandlerWidget	OnEnable	0
Unity.RenderPipelines.Core.Runtime	UnityEngine.Rendering.UI.DebugUIHandlerWidget	OnDeselection	0
Unity.RenderPipelines.Core.Runtime	UnityEngine.Rendering.UI.DebugUIHandlerWidget	OnAction	0
Unity.RenderPipelines.Core.Runtime	UnityEngine.Rendering.UI.DebugUIHandlerWidget	OnIncrement	1
Unity.RenderPipelines.Core.Runtime	UnityEngine.Rendering.UI.DebugUIHandlerWidget	OnDecrement	1
System	Mono.Net.Security.MobileTlsContext	Dispose	1
System	Internal.Cryptography.Pal.CertificateData+<ReadReverseRdns>d__21	System.IDisposable.Dispose	0
System	System.SecurityUtils	DemandReflectionAccess	1
System	System.SecurityUtils	DemandGrantSet	1
System	System.UriParser	OnNewUri	0
System	System.IOSelectorJob	System.Threading.IThreadPoolWorkItem.MarkAborted	1
System	System.Text.RegularExpressions.CaptureCollection+Enumerator	System.IDisposable.Dispose	0
System	System.Text.RegularExpressions.GroupCollection+Enumerator	System.IDisposable.Dispose	0
System	System.Text.RegularExpressions.MatchCollection+Enumerator	System.IDisposable.Dispose	0
System	System.Text.RegularExpressions.MatchCollection	get_SyncRoot	0
System	System.Security.Cryptography.OidCollection	get_SyncRoot	0
System	System.Security.Cryptography.X509Certificates.X509ChainImpl	Dispose	1
System	System.Security.Cryptography.X509Certificates.X509ChainImplMono	AddStatus	1
System	System.Security.Cryptography.X509Certificates.X509ExtensionCollection	get_SyncRoot	0
System	System.ComponentModel.Design.DesignerOptionService+DesignerOptionCollection	System.Collections.ICollection.get_SyncRoot	0
System	System.ComponentModel.Design.DesignerOptionService+DesignerOptionConverter+OptionPropertyDescriptor	ResetValue	1
System	System.ComponentModel.Design.DesignerOptionService+DesignerOptionConverter+OptionPropertyDescriptor	SetValue	2
System	System.ComponentModel.Design.DesignerOptionService	PopulateOptionCollection	1
System	System.Collections.Concurrent.ConcurrentBag`1+Enumerator	Dispose	0
System	System.Collections.Generic.LinkedList`1+Enumerator	Dispose	0
System	System.Collections.Generic.SortedSet`1+Enumerator	Dispose	0
System	System.Collections.Generic.SortedSet`1	VersionCheck	0
System	System.Net.ContextAwareResult	SafeCaptureIdentity	0
System	System.Net.ContextAwareResult	CleanupInternal	0
System	System.Net.NetworkCredential	GetCredential	2
System	System.Net.WebHeaderCollection	OnDeserialization	1
System	System.Net.WebRequest	GetObjectData	2
System	System.Net.WebResponse	GetObjectData	2
System	System.Net.WebResponse	Close	0
System	System.Net.LazyAsyncResult	Cleanup	0
System	System.Net.CookieCollection	get_SyncRoot	0
System	System.Net.WebConnectionStream	Flush	0
System	System.Net.Sockets.NetworkStream	Flush	0
UnityEngine.CoreModule	Unity.IntegerTime.DiscreteTime	FromTicks	1
UnityEngine.CoreModule	Unity.Profiling.ProfilerCategory	op_Implicit	1
UnityEngine.CoreModule	Unity.Collections.NativeArray`1+Enumerator	Dispose	0
UnityEngine.CoreModule	Unity.Collections.NativeArray`1+ReadOnly+Enumerator	Dispose	0
UnityEngine.CoreModule	Unity.Collections.NativeSlice`1+Enumerator	Dispose	0
UnityEngine.CoreModule	Unity.Collections.LowLevel.Unsafe.NativeArrayUnsafeUtility	GetUnsafePtr	1
UnityEngine.CoreModule	Unity.Collections.LowLevel.Unsafe.NativeArrayUnsafeUtility	GetUnsafeReadOnlyPtr	1
UnityEngine.CoreModule	Unity.Collections.LowLevel.Unsafe.NativeArrayUnsafeUtility	GetUnsafeReadOnlyPtr	1
UnityEngine.CoreModule	Unity.Collections.LowLevel.Unsafe.NativeArrayUnsafeUtility	GetUnsafeBufferPointerWithoutChecks	1
UnityEngine.CoreModule	Unity.Collections.LowLevel.Unsafe.NativeSliceUnsafeUtility	GetUnsafePtr	1
UnityEngine.CoreModule	Unity.Collections.LowLevel.Unsafe.NativeSliceUnsafeUtility	GetUnsafeReadOnlyPtr	1
UnityEngine.CoreModule	Unity.Collections.LowLevel.Unsafe.UnsafeUtility	AddressOf	1
UnityEngine.CoreModule	Unity.Collections.LowLevel.Unsafe.UnsafeUtility	As	1
UnityEngine.CoreModule	Unity.Collections.LowLevel.Unsafe.UnsafeUtility	As	1
UnityEngine.CoreModule	Unity.Collections.LowLevel.Unsafe.UnsafeUtility	AsRef	1
UnityEngine.CoreModule	UnityEngine.LightingSettings	LightingSettingsDontStripMe	0
UnityEngine.CoreModule	UnityEngine.MeshFilter	DontStripMeshFilter	0
UnityEngine.CoreModule	UnityEngine.MeshRenderer	DontStripMeshRenderer	0
UnityEngine.CoreModule	UnityEngine.Color	op_Implicit	1
UnityEngine.CoreModule	UnityEngine.Color	op_Implicit	1
UnityEngine.CoreModule	UnityEngine.Vector2	op_Implicit	1
UnityEngine.CoreModule	UnityEngine.Vector4	op_Implicit	1
UnityEngine.CoreModule	UnityEngine.Vector4	op_Implicit	1
UnityEngine.CoreModule	UnityEngine.RenderingLayerMask	op_Implicit	1
UnityEngine.CoreModule	UnityEngine.RenderingLayerMask	op_Implicit	1
UnityEngine.CoreModule	UnityEngine.RenderingLayerMask	op_Implicit	1
UnityEngine.CoreModule	UnityEngine.RenderingLayerMask	op_Implicit	1
UnityEngine.CoreModule	UnityEngine.Awaitable+AwaitableHandle	op_Implicit	1
UnityEngine.CoreModule	UnityEngine.Awaitable	System.Collections.IEnumerator.Reset	0
UnityEngine.CoreModule	UnityEngine.CustomYieldInstruction	Reset	0
UnityEngine.CoreModule	UnityEngine.GameObject	get_gameObject	0
UnityEngine.CoreModule	UnityEngine.LayerMask	op_Implicit	1
UnityEngine.CoreModule	UnityEngine.LayerMask	op_Implicit	1
UnityEngine.CoreModule	UnityEngine.ScriptingUtility	SetupCallbacks	1
UnityEngine.CoreModule	UnityEngine.Object+MarshalledUnityObject	TryThrowEditorNullExceptionObject	2
UnityEngine.CoreModule	UnityEngine.LowerResBlitTexture	LowerResBlitTextureDontStripMe	0
UnityEngine.CoreModule	UnityEngine.PreloadData	PreloadDataDontStripMe	0
UnityEngine.CoreModule	UnityEngine.DrivenRectTransformTracker	Add	3
UnityEngine.CoreModule	UnityEngine.DrivenRectTransformTracker	Clear	0
UnityEngine.CoreModule	UnityEngine.Playables.PlayableBehaviour	OnGraphStart	1
UnityEngine.CoreModule	UnityEngine.Playables.PlayableBehaviour	OnGraphStop	1
UnityEngine.CoreModule	UnityEngine.Playables.PlayableBehaviour	OnPlayableCreate	1
UnityEngine.CoreModule	UnityEngine.Playables.PlayableBehaviour	OnPlayableDestroy	1
UnityEngine.CoreModule	UnityEngine.Playables.PlayableBehaviour	OnBehaviourPlay	2
UnityEngine.CoreModule	UnityEngine.Playables.PlayableBehaviour	OnBehaviourPause	2
UnityEngine.CoreModule	UnityEngine.Playables.PlayableBehaviour	PrepareFrame	2
UnityEngine.CoreModule	UnityEngine.Playables.PlayableBehaviour	ProcessFrame	3
UnityEngine.CoreModule	UnityEngine.Rendering.RenderPipeline	ProcessRenderRequests	3
UnityEngine.CoreModule	UnityEngine.Rendering.RenderPipeline	Dispose	1
UnityEngine.CoreModule	UnityEngine.Rendering.RenderPipelineAsset	EnsureGlobalSettings	0
UnityEngine.CoreModule	UnityEngine.Rendering.RenderPipelineGlobalSettings	OnBeforeSerialize	0
UnityEngine.CoreModule	UnityEngine.Experimental.Rendering.BuiltinRuntimeReflectionSystem	Dispose	0
UnityEngine.CoreModule	UnityEngine.Experimental.Rendering.BuiltinRuntimeReflectionSystem	Dispose	1
Unity.RenderPipelines.Universal.Runtime	FullScreenPassRendererFeature_OldGUID	UnityEngine.ISerializationCallbackReceiver.OnAfterDeserialize	0
Unity.RenderPipelines.Universal.Runtime	UnityEngine.Rendering.Universal.UniversalRenderPipelineAsset	OnBeforeSerialize	0
Unity.RenderPipelines.Universal.Runtime	UnityEngine.Rendering.Universal.DebugHandler+<>c	<Setup>b__106_0	2
Unity.RenderPipelines.Universal.Runtime	UnityEngine.Rendering.Universal.DebugHandler	Setup	2
Unity.RenderPipelines.Universal.Runtime	UnityEngine.Rendering.Universal.DebugRenderSetup	Dispose	0
Unity.RenderPipelines.Universal.Runtime	UnityEngine.Rendering.Universal.DecalChunk	Dispose	0
Unity.RenderPipelines.Universal.Runtime	UnityEngine.Rendering.Universal.ScriptableRenderPass	OnCameraSetup	2
Unity.RenderPipelines.Universal.Runtime	UnityEngine.Rendering.Universal.ScriptableRenderPass	Configure	2
Unity.RenderPipelines.Universal.Runtime	UnityEngine.Rendering.Universal.ScriptableRenderPass	OnCameraCleanup	1
Unity.RenderPipelines.Universal.Runtime	UnityEngine.Rendering.Universal.ScriptableRenderPass	OnFinishCameraStackRendering	1
Unity.RenderPipelines.Universal.Runtime	UnityEngine.Rendering.Universal.ScriptableRenderer+RenderBlocks+BlockRange	Dispose	0
Unity.RenderPipelines.Universal.Runtime	UnityEngine.Rendering.Universal.ScriptableRenderer	ReleaseRenderTargets	0
Unity.RenderPipelines.Universal.Runtime	UnityEngine.Rendering.Universal.ScriptableRenderer	SetupLights	2
Unity.RenderPipelines.Universal.Runtime	UnityEngine.Rendering.Universal.ScriptableRenderer	SetupCullingParameters	2
Unity.RenderPipelines.Universal.Runtime	UnityEngine.Rendering.Universal.ScriptableRenderer	FinishRendering	1
Unity.RenderPipelines.Universal.Runtime	UnityEngine.Rendering.Universal.ScriptableRenderer	OnBeginRenderGraphFrame	0
Unity.RenderPipelines.Universal.Runtime	UnityEngine.Rendering.Universal.ScriptableRenderer	OnRecordRenderGraph	2
Unity.RenderPipelines.Universal.Runtime	UnityEngine.Rendering.Universal.ScriptableRenderer	OnEndRenderGraphFrame	0
Unity.RenderPipelines.Universal.Runtime	UnityEngine.Rendering.Universal.ScriptableRenderer	DrawRenderGraphGizmos	5
Unity.RenderPipelines.Universal.Runtime	UnityEngine.Rendering.Universal.ScriptableRenderer	DrawRenderGraphWireOverlay	3
Unity.RenderPipelines.Universal.Runtime	UnityEngine.Rendering.Universal.ScriptableRenderer	OnFinishRenderGraphRendering	1
Unity.RenderPipelines.Universal.Runtime	UnityEngine.Rendering.Universal.ScriptableRenderer	SwapColorBuffer	1
Unity.RenderPipelines.Universal.Runtime	UnityEngine.Rendering.Universal.ScriptableRenderer	EnableSwapBufferMSAA	1
Unity.RenderPipelines.Universal.Runtime	UnityEngine.Rendering.Universal.ScriptableRenderer	DrawGizmos	4
Unity.RenderPipelines.Universal.Runtime	UnityEngine.Rendering.Universal.UniversalRendererData	ReloadAllNullProperties	0
Unity.RenderPipelines.Universal.Runtime	UnityEngine.Rendering.Universal.UniversalRenderPipelineGlobalSettings	set_stripUnusedLODCrossFadeVariants	1
Unity.RenderPipelines.Universal.Runtime	UnityEngine.Rendering.Universal.UniversalRenderPipelineGlobalSettings	GetOrCreateDefaultVolumeProfile	1
Unity.RenderPipelines.Universal.Runtime	UnityEngine.Rendering.Universal.Fixed2`1	CheckRange	1
Unity.RenderPipelines.Universal.Runtime	UnityEngine.Rendering.Universal.DecalRendererFeature	ChangeAdaptivePerformanceDrawDistances	0
Unity.RenderPipelines.Universal.Runtime	UnityEngine.Rendering.Universal.FullScreenPassRendererFeature	UpgradeIfNeeded	0
Unity.RenderPipelines.Universal.Runtime	UnityEngine.Rendering.Universal.ScriptableRendererFeature	OnCameraPreCull	2
Unity.RenderPipelines.Universal.Runtime	UnityEngine.Rendering.Universal.ScriptableRendererFeature	SetupRenderPasses	2
Unity.RenderPipelines.Universal.Runtime	UnityEngine.Rendering.Universal.ScriptableRendererFeature	Dispose	1
Unity.RenderPipelines.Universal.Runtime	UnityEngine.Rendering.Universal.UniversalAdditionalCameraData	OnBeforeSerialize	0
Unity.RenderPipelines.Universal.Runtime	UnityEngine.Rendering.Universal.UniversalAdditionalLightData	OnBeforeSerialize	0
Unity.RenderPipelines.Universal.Runtime	UnityEngine.Rendering.Universal.RenderGraphUtils+<>c	<SetGlobalTexture>b__6_0	2
Unity.RenderPipelines.Universal.Runtime	UnityEngine.Rendering.Universal.Internal.FinalBlitPass	Dispose	0
System.Data	SR	GetString	1
System.Data	System.Data.DataColumn	OnSetDataSet	0
System.Data	System.Data.DataSet	InitializeDerivedDataSet	0
System.Data	System.Data.DataSet	OnRemoveTable	1
System.Data	System.Data.DataSet	OnRemoveRelation	1
System.Data	System.Data.DataTable	OnRemoveColumn	1
System.Data	System.Data.InternalDataCollectionBase	get_SyncRoot	0
System.Data	System.Data.DataRelationPropertyDescriptor	ResetValue	1
System.Data	System.Data.DataRelationPropertyDescriptor	SetValue	2
System.Data	System.Data.DataRowView	System.ComponentModel.ICustomTypeDescriptor.GetPropertyOwner	1
System.Data	System.Data.DataView	System.Collections.ICollection.get_SyncRoot	0
System.Data	System.Data.AggregateNode	Optimize	0
System.Data	System.Data.ConstNode	Optimize	0
System.Data	System.Data.ExpressionParser	ScanBinaryConstant	0
System.Data	System.Data.LookupNode	Optimize	0
System.Data	System.Data.NameNode	Optimize	0
System.Data	System.Data.ZeroOpNode	Bind	2
System.Data	System.Data.ZeroOpNode	Optimize	0
System.Data	System.Data.RBTree`1+RBTreeEnumerator	Dispose	0
System.Data	System.Data.RelatedView	GetFilter	0
System.Data	System.Data.UniqueConstraint	CheckCanAddToCollection	1
System.Data	System.Data.SqlTypes.SqlDecimal	LO	1
Unity.TextMeshPro	TMPro.TMP_Vertex	.cctor	0
Unity.TextMeshPro	TMPro.TweenRunner`1+<Start>d__2	System.IDisposable.Dispose	0
Unity.TextMeshPro	TMPro.TMP_Dropdown+<DelayedDestroyDropdownList>d__90	System.IDisposable.Dispose	0
Unity.TextMeshPro	TMPro.TMP_Dropdown	DestroyItem	1
Unity.TextMeshPro	TMPro.TMP_FontAsset	TryAddGlyphsToAtlasTextures	0
Unity.TextMeshPro	TMPro.TMP_InputField+<CaretBlink>d__295	System.IDisposable.Dispose	0
Unity.TextMeshPro	TMPro.TMP_InputField+<MouseDragOutsideRect>d__316	System.IDisposable.Dispose	0
Unity.TextMeshPro	TMPro.TMP_InputField	UpdateMaskRegions	0
Unity.TextMeshPro	TMPro.TMP_InputField	LayoutComplete	0
Unity.TextMeshPro	TMPro.TMP_InputField	GraphicUpdateComplete	0
Unity.TextMeshPro	TMPro.TMP_InputField	OnControlClick	0
Unity.TextMeshPro	TMPro.TMP_InputField	CalculateLayoutInputHorizontal	0
Unity.TextMeshPro	TMPro.TMP_InputField	CalculateLayoutInputVertical	0
Unity.TextMeshPro	TMPro.TMP_SelectionCaret	UpdateGeometry	0
Unity.TextMeshPro	TMPro.TMP_SpriteAnimator+<DoSpriteAnimationInternal>d__7	System.IDisposable.Dispose	0
Unity.TextMeshPro	TMPro.TMP_SpriteAnimator	OnEnable	0
Unity.TextMeshPro	TMPro.TMP_SpriteAnimator	OnDisable	0
Unity.TextMeshPro	TMPro.TMP_SubMesh	SetVerticesDirty	0
Unity.TextMeshPro	TMPro.TMP_SubMeshUI	SetAllDirty	0
Unity.TextMeshPro	TMPro.TMP_SubMeshUI	SetVerticesDirty	0
Unity.TextMeshPro	TMPro.TMP_SubMeshUI	SetLayoutDirty	0
Unity.TextMeshPro	TMPro.TMP_SubMeshUI	Cull	2
Unity.TextMeshPro	TMPro.TMP_SubMeshUI	UpdateGeometry	0
Unity.TextMeshPro	TMPro.TMP_Text+<>c	<.ctor>b__648_0	1
Unity.TextMeshPro	TMPro.TMP_Text	LoadFontAsset	0
Unity.TextMeshPro	TMPro.TMP_Text	SetSharedMaterial	1
Unity.TextMeshPro	TMPro.TMP_Text	SetFontBaseMaterial	1
Unity.TextMeshPro	TMPro.TMP_Text	SetSharedMaterials	1
Unity.TextMeshPro	TMPro.TMP_Text	SetTextSortingOrder	1
Unity.TextMeshPro	TMPro.TMP_Text	SetTextSortingOrder	1
Unity.TextMeshPro	TMPro.TMP_Text	SetFaceColor	1
Unity.TextMeshPro	TMPro.TMP_Text	SetOutlineColor	1
Unity.TextMeshPro	TMPro.TMP_Text	SetOutlineThickness	1
Unity.TextMeshPro	TMPro.TMP_Text	SetShaderDepth	0
Unity.TextMeshPro	TMPro.TMP_Text	SetCulling	0
Unity.TextMeshPro	TMPro.TMP_Text	UpdateCulling	0
Unity.TextMeshPro	TMPro.TMP_Text	ForceMeshUpdate	2
Unity.TextMeshPro	TMPro.TMP_Text	UpdateGeometry	2
Unity.TextMeshPro	TMPro.TMP_Text	UpdateVertexData	1
Unity.TextMeshPro	TMPro.TMP_Text	UpdateVertexData	0
Unity.TextMeshPro	TMPro.TMP_Text	SetVertices	1
Unity.TextMeshPro	TMPro.TMP_Text	UpdateMeshPadding	0
Unity.TextMeshPro	TMPro.TMP_Text	InternalCrossFadeColor	4
Unity.TextMeshPro	TMPro.TMP_Text	InternalCrossFadeAlpha	3
Unity.TextMeshPro	TMPro.TMP_Text	ComputeMarginSize	0
Unity.TextMeshPro	TMPro.TMP_Text	SetActiveSubMeshes	1
Unity.TextMeshPro	TMPro.TMP_Text	DestroySubMeshObjects	0
Unity.TextMeshPro	TMPro.TMP_Text	ClearMesh	0
Unity.TextMeshPro	TMPro.TMP_Text	ClearMesh	1
Unity.TextMeshPro	TMPro.TMP_Text	InternalUpdate	0
Unity.TextMeshPro	TMPro.TextContainer	OnDisable	0
Unity.TextMeshPro	TMPro.TextMeshPro	CalculateLayoutInputHorizontal	0
Unity.TextMeshPro	TMPro.TextMeshPro	CalculateLayoutInputVertical	0
Unity.TextMeshPro	TMPro.TextMeshProUGUI+<DelayedGraphicRebuild>d__18	System.IDisposable.Dispose	0
Unity.TextMeshPro	TMPro.TextMeshProUGUI+<DelayedMaterialRebuild>d__19	System.IDisposable.Dispose	0
Unity.TextMeshPro	TMPro.TextMeshProUGUI	CalculateLayoutInputHorizontal	0
Unity.TextMeshPro	TMPro.TextMeshProUGUI	CalculateLayoutInputVertical	0
Unity.TextMeshPro	TMPro.TextMeshProUGUI	DisableMasking	0
System.Core	SR	GetString	1
System.Core	System.Linq.Enumerable+<ReverseIterator>d__79`1	System.IDisposable.Dispose	0
System.Core	System.Linq.Enumerable+<RangeIterator>d__115	System.IDisposable.Dispose	0
System.Core	System.Linq.Enumerable	AsEnumerable	1
System.Core	System.Linq.Lookup`2+Grouping+<GetEnumerator>d__7	System.IDisposable.Dispose	0
System.Core	System.Linq.Lookup`2+<GetEnumerator>d__12	System.IDisposable.Dispose	0
System.Core	System.Linq.OrderedEnumerable`1+<GetEnumerator>d__1	System.IDisposable.Dispose	0
System.Core	System.Linq.Expressions.BlockExpressionList+<GetEnumerator>d__18	System.IDisposable.Dispose	0
System.Core	System.Linq.Expressions.Interpreter.InterpretedFrame+<GetStackTraceDebugInfo>d__29	System.IDisposable.Dispose	0
System.Core	System.Linq.Expressions.Interpreter.ByRefUpdater	UndefineTemps	2
System.Core	System.Linq.Expressions.Interpreter.HybridReferenceDictionary`2+<GetEnumeratorWorker>d__7	System.IDisposable.Dispose	0
System.Core	System.Runtime.CompilerServices.ReadOnlyCollectionBuilder`1+Enumerator	Dispose	0
System.Core	System.Runtime.CompilerServices.ReadOnlyCollectionBuilder`1	System.Collections.ICollection.get_SyncRoot	0
System.Core	System.Runtime.CompilerServices.ReadOnlyCollectionBuilder`1	ValidateNullValue	2
System.Core	System.Dynamic.ExpandoObject+KeyCollection+<GetEnumerator>d__15	System.IDisposable.Dispose	0
System.Core	System.Dynamic.ExpandoObject+ValueCollection+<GetEnumerator>d__15	System.IDisposable.Dispose	0
System.Core	System.Dynamic.ExpandoObject+MetaExpando+<GetDynamicMemberNames>d__6	System.IDisposable.Dispose	0
System.Core	System.Dynamic.ExpandoObject+<GetExpandoEnumerator>d__51	System.IDisposable.Dispose	0
System.Core	System.Collections.Generic.HashSet`1+Enumerator	Dispose	0
Newtonsoft.Json	Newtonsoft.Json.JsonWriter	OnStringEscapeHandlingChanged	0
Newtonsoft.Json	Newtonsoft.Json.JsonWriter	WriteEnd	1
Newtonsoft.Json	Newtonsoft.Json.JsonWriter	WriteIndent	0
Newtonsoft.Json	Newtonsoft.Json.JsonWriter	WriteValueDelimiter	0
Newtonsoft.Json	Newtonsoft.Json.JsonWriter	WriteIndentSpace	0
Newtonsoft.Json	Newtonsoft.Json.JsonWriter	WriteRaw	1
Newtonsoft.Json	Newtonsoft.Json.JsonWriter	InternalWriteRaw	0
Newtonsoft.Json	Newtonsoft.Json.Linq.JProperty+JPropertyList+<GetEnumerator>d__1	System.IDisposable.Dispose	0
Newtonsoft.Json	Newtonsoft.Json.Linq.JPropertyDescriptor	ResetValue	1
Newtonsoft.Json	Newtonsoft.Json.Converters.ExpandoObjectConverter	WriteJson	3
UnityEngine.TextCoreTextEngineModule	UnityEngine.TextCore.Text.SpriteAsset	Awake	0
UnityEngine.UI	UnityEngine.UI.Button+<OnFinishSubmit>d__9	System.IDisposable.Dispose	0
UnityEngine.UI	UnityEngine.UI.Dropdown+<DelayedDestroyDropdownList>d__75	System.IDisposable.Dispose	0
UnityEngine.UI	UnityEngine.UI.Dropdown	DestroyItem	1
UnityEngine.UI	UnityEngine.UI.FontData	UnityEngine.ISerializationCallbackReceiver.OnBeforeSerialize	0
UnityEngine.UI	UnityEngine.UI.Graphic	LayoutComplete	0
UnityEngine.UI	UnityEngine.UI.Graphic	GraphicUpdateComplete	0
UnityEngine.UI	UnityEngine.UI.Graphic	OnFillVBO	1
UnityEngine.UI	UnityEngine.UI.Graphic	SetNativeSize	0
UnityEngine.UI	UnityEngine.UI.Image	OnBeforeSerialize	0
UnityEngine.UI	UnityEngine.UI.Image	CalculateLayoutInputHorizontal	0
UnityEngine.UI	UnityEngine.UI.Image	CalculateLayoutInputVertical	0
UnityEngine.UI	UnityEngine.UI.InputField+<CaretBlink>d__172	System.IDisposable.Dispose	0
UnityEngine.UI	UnityEngine.UI.InputField+<MouseDragOutsideRect>d__196	System.IDisposable.Dispose	0
UnityEngine.UI	UnityEngine.UI.InputField	LayoutComplete	0
UnityEngine.UI	UnityEngine.UI.InputField	GraphicUpdateComplete	0
UnityEngine.UI	UnityEngine.UI.InputField	CalculateLayoutInputHorizontal	0
UnityEngine.UI	UnityEngine.UI.InputField	CalculateLayoutInputVertical	0
UnityEngine.UI	UnityEngine.UI.AspectRatioFitter	SetLayoutHorizontal	0
UnityEngine.UI	UnityEngine.UI.AspectRatioFitter	SetLayoutVertical	0
UnityEngine.UI	UnityEngine.UI.LayoutElement	CalculateLayoutInputHorizontal	0
UnityEngine.UI	UnityEngine.UI.LayoutElement	CalculateLayoutInputVertical	0
UnityEngine.UI	UnityEngine.UI.LayoutGroup+<DelayedSetDirty>d__57	System.IDisposable.Dispose	0
UnityEngine.UI	UnityEngine.UI.LayoutRebuilder	GraphicUpdateComplete	0
UnityEngine.UI	UnityEngine.UI.Mask	OnSiblingGraphicEnabledDisabled	0
UnityEngine.UI	UnityEngine.UI.MaskableGraphic	ParentMaskStateChanged	0
UnityEngine.UI	UnityEngine.UI.ScrollRect	LayoutComplete	0
UnityEngine.UI	UnityEngine.UI.ScrollRect	GraphicUpdateComplete	0
UnityEngine.UI	UnityEngine.UI.ScrollRect	CalculateLayoutInputHorizontal	0
UnityEngine.UI	UnityEngine.UI.ScrollRect	CalculateLayoutInputVertical	0
UnityEngine.UI	UnityEngine.UI.Scrollbar+<ClickRepeat>d__59	System.IDisposable.Dispose	0
UnityEngine.UI	UnityEngine.UI.Scrollbar	Rebuild	1
UnityEngine.UI	UnityEngine.UI.Scrollbar	LayoutComplete	0
UnityEngine.UI	UnityEngine.UI.Scrollbar	GraphicUpdateComplete	0
UnityEngine.UI	UnityEngine.UI.Slider	Rebuild	1
UnityEngine.UI	UnityEngine.UI.Slider	LayoutComplete	0
UnityEngine.UI	UnityEngine.UI.Slider	GraphicUpdateComplete	0
UnityEngine.UI	UnityEngine.UI.Text	CalculateLayoutInputHorizontal	0
UnityEngine.UI	UnityEngine.UI.Text	CalculateLayoutInputVertical	0
UnityEngine.UI	UnityEngine.UI.Toggle	Rebuild	1
UnityEngine.UI	UnityEngine.UI.Toggle	LayoutComplete	0
UnityEngine.UI	UnityEngine.UI.Toggle	GraphicUpdateComplete	0
UnityEngine.UI	UnityEngine.UI.CoroutineTween.TweenRunner`1+<Start>d__2	System.IDisposable.Dispose	0
UnityEngine.UI	UnityEngine.UIElements.PanelEventHandler	OnElementBlur	1
UnityEngine.UI	UnityEngine.EventSystems.BaseInputModule	DeactivateModule	0
UnityEngine.UI	UnityEngine.EventSystems.BaseInputModule	ActivateModule	0
UnityEngine.UI	UnityEngine.EventSystems.BaseInputModule	UpdateModule	0
UnityEngine.UI	UnityEngine.EventSystems.UIBehaviour	Awake	0
UnityEngine.UI	UnityEngine.EventSystems.UIBehaviour	OnEnable	0
UnityEngine.UI	UnityEngine.EventSystems.UIBehaviour	Start	0
UnityEngine.UI	UnityEngine.EventSystems.UIBehaviour	OnDisable	0
UnityEngine.UI	UnityEngine.EventSystems.UIBehaviour	OnDestroy	0
UnityEngine.UI	UnityEngine.EventSystems.UIBehaviour	OnRectTransformDimensionsChange	0
UnityEngine.UI	UnityEngine.EventSystems.UIBehaviour	OnBeforeTransformParentChanged	0
UnityEngine.UI	UnityEngine.EventSystems.UIBehaviour	OnTransformParentChanged	0
UnityEngine.UI	UnityEngine.EventSystems.UIBehaviour	OnDidApplyAnimationProperties	0
UnityEngine.UI	UnityEngine.EventSystems.UIBehaviour	OnCanvasGroupChanged	0
UnityEngine.UI	UnityEngine.EventSystems.UIBehaviour	OnCanvasHierarchyChanged	0
Dreamteck.Splines	Dreamteck.Splines.BlankUser	Start	0
Dreamteck.Splines	Dreamteck.Splines.MeshGenerator	BuildMesh	0
Dreamteck.Splines	Dreamteck.Splines.ObjectController+<InstantiateAllWithDelay>d__123	System.IDisposable.Dispose	0
Dreamteck.Splines	Dreamteck.Splines.FollowerSpeedModifier	Apply	1
Dreamteck.Splines	Dreamteck.Splines.SplineSampleModifier	SetKeys	1
Dreamteck.Splines	Dreamteck.Splines.SplineSampleModifier	Apply	1
Dreamteck.Splines	Dreamteck.Splines.SplineTracer	Start	0
Dreamteck.Splines	Dreamteck.Splines.SplineUser	Reset	0
Dreamteck.Splines	Dreamteck.Splines.SplineUser	OnDisable	0
Dreamteck.Splines	Dreamteck.Splines.SplineUser	OnDestroy	0
Dreamteck.Splines	Dreamteck.Splines.SplineUser	Run	0
Dreamteck.Splines	Dreamteck.Splines.SplineUser	LateRun	0
Dreamteck.Splines	Dreamteck.Splines.SplineUser	Build	0
Dreamteck.Splines	Dreamteck.Splines.SplineUser	PostBuild	0
Dreamteck.Splines	Dreamteck.Splines.SplineUser	OnSplineChanged	0
Dreamteck.Splines	Dreamteck.Splines.SplineUser	OnBeforeSerialize	0
Dreamteck.Splines	Dreamteck.Splines.SplineUser	OnAfterDeserialize	0
Dreamteck.Splines	Dreamteck.Splines.Spline	set_moveStep	1
Dreamteck.Splines	Dreamteck.Splines.TransformModule	OnBeforeSerialize	0
Dreamteck.Splines	Dreamteck.Splines.Primitives.SplinePrimitive	Generate	0
Dreamteck.Splines	Dreamteck.Splines.IO.SplineParser+Transformation	Push	0
Dreamteck.Splines	Dreamteck.Splines.IO.SplineParser+Transformation	.cctor	0
MessagePack	MessagePack.Utilities+NonGenericDictionaryEnumerator	Dispose	0
MessagePack	MessagePack.Internal.AutomataDictionary+AutomataNode+<YieldChildren>d__14	System.IDisposable.Dispose	0
Unity.RenderPipelines.GPUDriven.Runtime	UnityEngine.Rendering.GPUResidentDrawer	ReinitializeIfNeeded	0
Unity.RenderPipelines.GPUDriven.Runtime	UnityEngine.Rendering.InstanceCuller	DisposeSceneViewHiddenBits	0
Unity.RenderPipelines.GPUDriven.Runtime	UnityEngine.Rendering.InstanceCuller	OnBeginSceneViewCameraRendering	0
Unity.RenderPipelines.GPUDriven.Runtime	UnityEngine.Rendering.InstanceCuller	OnEndSceneViewCameraRendering	0
Unity.RenderPipelines.GPUDriven.Runtime	UnityEngine.Rendering.InstanceCullingBatcher	PostCullBeginCameraRendering	1
Unity.RenderPipelines.GPUDriven.Runtime	UnityEngine.Rendering.GPUInstanceDataBufferGrower+GPUResources	CreateResources	0
Unity.RenderPipelines.GPUDriven.Runtime	UnityEngine.Rendering.GPUInstanceDataBufferGrower	Dispose	0
Unity.RenderPipelines.GPUDriven.Runtime	UnityEngine.Rendering.EditorInstanceDataArrays+ReadOnly	.ctor	1
Unity.RenderPipelines.GPUDriven.Runtime	UnityEngine.Rendering.EditorInstanceDataArrays	Initialize	1
Unity.RenderPipelines.GPUDriven.Runtime	UnityEngine.Rendering.EditorInstanceDataArrays	Dispose	0
Unity.RenderPipelines.GPUDriven.Runtime	UnityEngine.Rendering.EditorInstanceDataArrays	Grow	1
Unity.RenderPipelines.GPUDriven.Runtime	UnityEngine.Rendering.EditorInstanceDataArrays	Remove	2
Unity.RenderPipelines.GPUDriven.Runtime	UnityEngine.Rendering.EditorInstanceDataArrays	SetDefault	1
DOTween	DG.Tweening.Plugins.CirclePlugin	Reset	1
DOTween	DG.Tweening.Plugins.CirclePlugin	ConvertToStartValue	2
DOTween	DG.Tweening.Plugins.Color2Plugin	Reset	1
DOTween	DG.Tweening.Plugins.DoublePlugin	Reset	1
DOTween	DG.Tweening.Plugins.DoublePlugin	ConvertToStartValue	2
DOTween	DG.Tweening.Plugins.LongPlugin	Reset	1
DOTween	DG.Tweening.Plugins.UlongPlugin	Reset	1
DOTween	DG.Tweening.Plugins.Vector3ArrayPlugin	SetFrom	2
DOTween	DG.Tweening.Plugins.Vector3ArrayPlugin	SetFrom	4
DOTween	DG.Tweening.Plugins.PathPlugin	SetFrom	2
DOTween	DG.Tweening.Plugins.PathPlugin	SetFrom	4
DOTween	DG.Tweening.Plugins.ColorPlugin	Reset	1
DOTween	DG.Tweening.Plugins.ColorPlugin	ConvertToStartValue	2
DOTween	DG.Tweening.Plugins.IntPlugin	Reset	1
DOTween	DG.Tweening.Plugins.QuaternionPlugin	Reset	1
DOTween	DG.Tweening.Plugins.RectPlugin	Reset	1
DOTween	DG.Tweening.Plugins.RectPlugin	ConvertToStartValue	2
DOTween	DG.Tweening.Plugins.UintPlugin	Reset	1
DOTween	DG.Tweening.Plugins.Vector2Plugin	Reset	1
DOTween	DG.Tweening.Plugins.Vector2Plugin	ConvertToStartValue	2
DOTween	DG.Tweening.Plugins.Vector4Plugin	Reset	1
DOTween	DG.Tweening.Plugins.Vector4Plugin	ConvertToStartValue	2
DOTween	DG.Tweening.Plugins.StringPlugin	SetRelativeEndValue	1
DOTween	DG.Tweening.Plugins.FloatPlugin	Reset	1
DOTween	DG.Tweening.Plugins.FloatPlugin	ConvertToStartValue	2
DOTween	DG.Tweening.Plugins.Vector3Plugin	Reset	1
DOTween	DG.Tweening.Plugins.Vector3Plugin	ConvertToStartValue	2
DOTween	DG.Tweening.Plugins.Options.NoOptions	Reset	0
DOTween	DG.Tweening.Plugins.Core.PathCore.LinearDecoder	SetWaypointsLengths	2
DOTween	DG.Tweening.CustomPlugins.PureQuaternionPlugin	Reset	1
DOTween	DG.Tweening.CustomPlugins.PureQuaternionPlugin	ConvertToStartValue	2
DOTween	DG.Tweening.Core.DOTweenComponent+<WaitForCompletion>d__17	System.IDisposable.Dispose	0
DOTween	DG.Tweening.Core.DOTweenComponent+<WaitForElapsedLoops>d__20	System.IDisposable.Dispose	0
DOTween	DG.Tweening.Core.DOTweenComponent+<WaitForKill>d__19	System.IDisposable.Dispose	0
DOTween	DG.Tweening.Core.DOTweenComponent+<WaitForPosition>d__21	System.IDisposable.Dispose	0
DOTween	DG.Tweening.Core.DOTweenComponent+<WaitForRewind>d__18	System.IDisposable.Dispose	0
DOTween	DG.Tweening.Core.DOTweenComponent+<WaitForStart>d__22	System.IDisposable.Dispose	0
Unity.Localization	UnityEngine.Localization.Tables.TableEntryReference	OnBeforeSerialize	0
Unity.Localization	UnityEngine.Localization.Settings.LocalizedDatabase`2	ReleaseTableContents	1
Unity.Localization	UnityEngine.Localization.Settings.LocalizationSettings+<InitializeAndCallSelectedLocaleChangedCoroutine>d__79	System.IDisposable.Dispose	0
Unity.Localization	UnityEngine.Localization.SmartFormat.Utilities.TimeSpanFormatOptionsConverter+<AllFlags>d__3	System.IDisposable.Dispose	0
Unity.Localization	UnityEngine.Localization.SmartFormat.Extensions.PersistentVariablesSource	OnBeforeSerialize	0
Unity.Localization	UnityEngine.Localization.SmartFormat.Core.Parsing.FormatItem+PartialCharEnumerator+<GetEnumerator>d__4	System.IDisposable.Dispose	0
Unity.Localization	UnityEngine.Localization.SmartFormat.Core.Extensions.FormatterBase	OnBeforeSerialize	0
Unity.Localization	UnityEngine.Localization.SmartFormat.PersistentVariables.VariablesGroupAsset	GetSourceValue	1
Unity.Localization	UnityEngine.Localization.SmartFormat.PersistentVariables.VariablesGroupAsset	OnBeforeSerialize	0
StompyRobot.SRDebugger	SRDebugger.CircularBuffer`1+<GetEnumerator>d__18	System.IDisposable.Dispose	0
StompyRobot.SRDebugger	SRDebugger.UI.Tabs.ConsoleTabController+<FadeCopyButton>d__40	System.IDisposable.Dispose	0
StompyRobot.SRDebugger	SRDebugger.UI.Other.BugReportSheetController+<SubmitCo>d__18	System.IDisposable.Dispose	0
StompyRobot.SRDebugger	SRDebugger.UI.Controls.ConsoleLogControl+<ScrollToBottom>d__26	System.IDisposable.Dispose	0
StompyRobot.SRDebugger	SRDebugger.UI.Controls.DataBoundControl	OnBind	2
StompyRobot.SRDebugger	SRDebugger.UI.Controls.OptionsControlBase	Refresh	0
StompyRobot.SRDebugger	SRDebugger.UI.Controls.ProfilerMemoryBlock+<CleanUp>d__8	System.IDisposable.Dispose	0
StompyRobot.SRDebugger	SRDebugger.Services.Implementation.BugReportPopoverService+<OpenCo>d__7	System.IDisposable.Dispose	0
StompyRobot.SRDebugger	SRDebugger.Services.Implementation.OptionsServiceImpl+ReflectionOptionContainer	add_OptionAdded	1
StompyRobot.SRDebugger	SRDebugger.Services.Implementation.OptionsServiceImpl+ReflectionOptionContainer	remove_OptionAdded	1
StompyRobot.SRDebugger	SRDebugger.Services.Implementation.OptionsServiceImpl+ReflectionOptionContainer	add_OptionRemoved	1
StompyRobot.SRDebugger	SRDebugger.Services.Implementation.OptionsServiceImpl+ReflectionOptionContainer	remove_OptionRemoved	1
StompyRobot.SRDebugger	SRDebugger.Profiler.SRPProfilerService+<EndOfFrameCoroutine>d__19	System.IDisposable.Dispose	0
StompyRobot.SRDebugger	SRDebugger.Internal.BugReportApi+<Submit>d__19	System.IDisposable.Dispose	0
StompyRobot.SRDebugger	SRDebugger.Internal.BugReportScreenshotUtil+<ScreenshotCaptureCo>d__1	System.IDisposable.Dispose	0
Unity.ResourceManager	UnityEngine.ResourceManagement.Util.DefaultAllocationStrategy	Release	2
Unity.ResourceManager	UnityEngine.ResourceManagement.ResourceProviders.ResourceProviderBase	Release	2
Unity.ResourceManager	UnityEngine.ResourceManagement.Profiling.EngineEmitter	EmitFrameMetaData	3
Unity.ResourceManager	UnityEngine.ResourceManagement.AsyncOperations.AsyncOperationBase`1	Destroy	0
Unity.ResourceManager	UnityEngine.ResourceManagement.AsyncOperations.AsyncOperationBase`1	GetDependencies	1
Unity.ResourceManager	UnityEngine.ResourceManagement.AsyncOperations.AsyncOperationBase`1	Reset	0
Unity.ResourceManager	UnityEngine.ResourceManagement.AsyncOperations.AsyncOperationBase`1	ReleaseDependencies	0
Unity.ResourceManager	UnityEngine.ResourceManagement.AsyncOperations.AsyncOperationHandle`1	System.Collections.IEnumerator.Reset	0
Unity.ResourceManager	UnityEngine.ResourceManagement.AsyncOperations.AsyncOperationHandle	System.Collections.IEnumerator.Reset	0
Facebook.Unity	Facebook.Unity.FB	ClearAppLink	0
Facebook.Unity	Facebook.Unity.FacebookBase	UploadImageToMediaLibrary	5
Facebook.Unity	Facebook.Unity.FacebookBase	UploadVideoToMediaLibrary	5
Facebook.Unity	Facebook.Unity.FacebookGameObject	OnAwake	0
Facebook.Unity	Facebook.Unity.AsyncRequestString+<Start>d__9	System.IDisposable.Dispose	0
Facebook.Unity	Facebook.Unity.FacebookScheduler+<DelayEvent>d__1	System.IDisposable.Dispose	0
Facebook.Unity	Facebook.Unity.CodelessCrawler+<GenSnapshot>d__4	System.IDisposable.Dispose	0
Facebook.Unity	Facebook.Unity.CodelessCrawler	SendIos	1
Facebook.Unity	Facebook.Unity.CodelessUIInteractEvent	SetLoggerInitIos	0
Facebook.Unity	Facebook.Unity.Windows.WindowsFacebookGameObject	OnAwake	0
Facebook.Unity	Facebook.Unity.Editor.EditorFacebook	SetAutoLogAppEventsEnabled	1
Facebook.Unity	Facebook.Unity.Editor.EditorFacebook	SetAdvertiserIDCollectionEnabled	1
Facebook.Unity	Facebook.Unity.Editor.Dialogs.EmptyMockDialog	DoGui	0
Facebook.Unity	Facebook.Unity.Editor.Dialogs.MockShareDialog	DoGui	0
HighlightPlus.Runtime	HighlightPlus.HighlightTrigger+<DoRayCast>d__56	System.IDisposable.Dispose	0
HighlightPlus.Runtime	HighlightPlus.InputProxy	Init	0
UnityEngine.IMGUIModule	UnityEngine.GUILayoutEntry	CalcWidth	0
UnityEngine.IMGUIModule	UnityEngine.GUILayoutEntry	CalcHeight	0
Mono.Security	Locale	GetText	1
Mono.Security	Mono.Security.X509.X509Extension	Decode	0
Mono.Security	Mono.Security.X509.X509Extension	Encode	0
Unity.Addressables	UnityEngine.AddressableAssets.AddressablesImpl	LogException	1
Unity.Addressables	UnityEngine.AddressableAssets.AddressablesImpl	QueueEditorUpdateIfNeeded	0
UnityEngine.PropertiesModule	Unity.Properties.IndexedCollectionPropertyBagEnumerator`1	Dispose	0
UnityEngine.PropertiesModule	Unity.Properties.KeyValuePairPropertyBag`2+<GetPropertiesEnumerable>d__4	System.IDisposable.Dispose	0
UnityEngine.PropertiesModule	Unity.Properties.PathVisitor	VisitPath	3
UnityEngine.PropertiesModule	Unity.Properties.Internal.SystemVersionPropertyBag+MajorProperty	SetValue	2
UnityEngine.PropertiesModule	Unity.Properties.Internal.SystemVersionPropertyBag+MinorProperty	SetValue	2
UnityEngine.PropertiesModule	Unity.Properties.Internal.SystemVersionPropertyBag+BuildProperty	SetValue	2
UnityEngine.PropertiesModule	Unity.Properties.Internal.SystemVersionPropertyBag+RevisionProperty	SetValue	2
GoogleMobileAds.Android	GoogleMobileAds.Android.AdManagerInterstitialClient	CreateInterstitialAd	0
GoogleMobileAds.Android	GoogleMobileAds.Android.AppOpenAdClient	CreateAppOpenAd	0
GoogleMobileAds.Android	GoogleMobileAds.Android.InterstitialClient	CreateInterstitialAd	0
GoogleMobileAds.Android	GoogleMobileAds.Android.MobileAdsClient	SetiOSAppPauseOnBackground	1
GoogleMobileAds.Android	GoogleMobileAds.Android.MobileAdsClient	DisableSDKCrashReporting	0
GoogleMobileAds.Android	GoogleMobileAds.Android.NextGenAppOpenAdClient	CreateAppOpenAd	0
GoogleMobileAds.Android	GoogleMobileAds.Android.NextGenAppOpenAdClient	DestroyAppOpenAd	0
GoogleMobileAds.Android	GoogleMobileAds.Android.NextGenBannerAdClient	set_PlacementId	1
GoogleMobileAds.Android	GoogleMobileAds.Android.NextGenInterstitialAdClient	CreateInterstitialAd	0
GoogleMobileAds.Android	GoogleMobileAds.Android.NextGenInterstitialAdClient	DestroyInterstitial	0
GoogleMobileAds.Android	GoogleMobileAds.Android.NextGenMobileAdsClient	DisableMediationInitialization	0
GoogleMobileAds.Android	GoogleMobileAds.Android.NextGenMobileAdsClient	SetiOSAppPauseOnBackground	1
GoogleMobileAds.Android	GoogleMobileAds.Android.NextGenMobileAdsClient	DisableSDKCrashReporting	0
GoogleMobileAds.Android	GoogleMobileAds.Android.NextGenNativeOverlayAdClient	onAdFailedToShowFullScreenContent	1
GoogleMobileAds.Android	GoogleMobileAds.Android.NextGenRewardedAdClient	CreateRewardedAd	0
GoogleMobileAds.Android	GoogleMobileAds.Android.NextGenRewardedAdClient	SetServerSideVerificationOptions	1
GoogleMobileAds.Android	GoogleMobileAds.Android.NextGenRewardedAdClient	DestroyRewardedAd	0
GoogleMobileAds.Android	GoogleMobileAds.Android.NextGenRewardedInterstitialAdClient	CreateRewardedInterstitialAd	0
GoogleMobileAds.Android	GoogleMobileAds.Android.NextGenRewardedInterstitialAdClient	SetServerSideVerificationOptions	1
GoogleMobileAds.Android	GoogleMobileAds.Android.NextGenRewardedInterstitialAdClient	DestroyRewardedInterstitialAd	0
GoogleMobileAds.Android	GoogleMobileAds.Android.RewardedAdClient	CreateRewardedAd	0
GoogleMobileAds.Android	GoogleMobileAds.Android.RewardedInterstitialAdClient	CreateRewardedInterstitialAd	0
Unity.Purchasing	UnityEngine.Purchasing.PurchaseService+<>c	<TryFetchPurchases>b__51_0	1
System.Collections.Immutable	System.Collections.Immutable.ImmutableHashSet`1	System.Collections.ICollection.get_SyncRoot	0
System.Collections.Immutable	System.Collections.Immutable.ImmutableArray`1+Builder+<GetEnumerator>d__65	System.IDisposable.Dispose	0
System.Collections.Immutable	System.Collections.Immutable.ImmutableArray`1+EnumeratorObject	Dispose	0
System.Collections.Immutable	System.Collections.Immutable.ImmutableDictionary`2+Comparers	get_KeyOnlyComparer	0
System.Collections.Immutable	System.Collections.Immutable.ImmutableDictionary`2+Comparers	get_HashBucketEqualityComparer	0
System.Collections.Immutable	System.Collections.Immutable.ImmutableDictionary`2	System.Collections.ICollection.get_SyncRoot	0
System.Collections.Immutable	System.Collections.Immutable.ImmutableList`1	System.Collections.ICollection.get_SyncRoot	0
System.Collections.Immutable	System.Collections.Immutable.ImmutableSortedDictionary`2	System.Collections.ICollection.get_SyncRoot	0
System.Collections.Immutable	System.Collections.Immutable.ImmutableSortedSet`1	System.Collections.ICollection.get_SyncRoot	0
System.Collections.Immutable	System.Collections.Immutable.KeysOrValuesCollectionAccessor`3	System.Collections.ICollection.get_SyncRoot	0
Unity.Purchasing.Stores	UnityEngine.Purchasing.FakeStore	FinishTransaction	2
StompyRobot.SRF	SRF.SRList`1+<GetEnumerator>d__15	System.IDisposable.Dispose	0
StompyRobot.SRF	SRF.SRList`1	OnAfterDeserialize	0
StompyRobot.SRF	SRF.SRMonoBehaviourEx	Start	0
StompyRobot.SRF	SRF.SRMonoBehaviourEx	Update	0
StompyRobot.SRF	SRF.SRMonoBehaviourEx	FixedUpdate	0
StompyRobot.SRF	SRF.SRMonoBehaviourEx	OnEnable	0
StompyRobot.SRF	SRF.SRMonoBehaviourEx	OnDisable	0
StompyRobot.SRF	SRF.SRMonoBehaviourEx	OnDestroy	0
StompyRobot.SRF	SRF.Coroutines+<WaitForSecondsRealTime>d__0	System.IDisposable.Dispose	0
StompyRobot.SRF	SRF.SRFTransformExtensions+<GetChildren>d__0	System.IDisposable.Dispose	0
StompyRobot.SRF	SRF.UI.CopyLayoutElement	CalculateLayoutInputHorizontal	0
StompyRobot.SRF	SRF.UI.CopyLayoutElement	CalculateLayoutInputVertical	0
StompyRobot.SRF	SRF.UI.SRNumberSpinner	OnPointerDown	1
StompyRobot.SRF	SRF.UI.SRNumberSpinner	OnPointerUp	1
StompyRobot.SRF	SRF.Service.SRDependencyServiceBase`1+<LoadDependencies>d__8	System.IDisposable.Dispose	0
StompyRobot.SRF	SRF.Service.SRDependencyServiceBase`1	OnLoaded	0
StompyRobot.SRF	SRF.Service.SRSceneServiceBase`2+<LoadCoroutine>d__11	System.IDisposable.Dispose	0
StompyRobot.SRF	SRF.Service.SRSceneServiceBase`2	OnLoaded	0
StompyRobot.SRF	SRF.Components.SRAutoSingleton`1	OnEnable	0
Unity.Cinemachine	Unity.Cinemachine.CinemachineBrain+<AfterPhysics>d__30	System.IDisposable.Dispose	0
Unity.Cinemachine	Unity.Cinemachine.CinemachineBrain	UpdateCameraState	2
Unity.Cinemachine	Unity.Cinemachine.CinemachineBrain	OnCameraActivated	1
Unity.Cinemachine	Unity.Cinemachine.CameraBlendStack+SnapshotBlendSource	UpdateCameraState	2
Unity.Cinemachine	Unity.Cinemachine.CameraBlendStack+SnapshotBlendSource	OnCameraActivated	1
Unity.Cinemachine	Unity.Cinemachine.NestedBlendSource	OnCameraActivated	1
Unity.Cinemachine	Unity.Cinemachine.CinemachineComponentBase	PrePipelineMutateCameraState	2
Unity.Cinemachine	Unity.Cinemachine.CinemachineComponentBase	OnTargetObjectWarped	2
Unity.Cinemachine	Unity.Cinemachine.CinemachineComponentBase	ForceCameraPosition	2
Unity.Cinemachine	Unity.Cinemachine.CinemachineExtension	OnEnable	0
Unity.Cinemachine	Unity.Cinemachine.CinemachineExtension	PrePipelineMutateCameraStateCallback	3
Unity.Cinemachine	Unity.Cinemachine.CinemachineExtension	PostPipelineStageCallback	4
Unity.Cinemachine	Unity.Cinemachine.CinemachineExtension	OnTargetObjectWarped	3
Unity.Cinemachine	Unity.Cinemachine.CinemachineExtension	ForceCameraPosition	2
Unity.Cinemachine	Unity.Cinemachine.CinemachineExtension	ForceCameraPosition	3
System.Net.Http	System.Net.Http.HttpMessageHandler	Dispose	1
System.Net.Http	System.Net.Http.Headers.Token	op_Implicit	1
Unity.Collections	Unity.Collections.AllocatorManager+AllocatorHandle	Rewind	0
Unity.Collections	Unity.Collections.CollectionHelper+DummyJob	Execute	0
Unity.Collections	Unity.Collections.CollectionHelper	AssumePositive	1
Unity.Collections	Unity.Collections.NativeParallelHashMap`2+Enumerator	Dispose	0
ThinkingAnalytics	ThinkingAnalytics.ThinkingAnalyticsAPI	Start	0
ThinkingAnalytics	ThinkingAnalytics.ThinkingAnalyticsAPI	OnApplicationQuit	0
ThinkingAnalytics	ThinkingData.Analytics.TDAnalytics	Start	0
ThinkingAnalytics	ThinkingData.Analytics.TDAnalytics	OnApplicationQuit	0
ThinkingAnalytics	ThinkingData.Analytics.Wrapper.TDWrapper	optOutTracking	1
ThinkingAnalytics	ThinkingData.Analytics.Wrapper.TDWrapper	optOutTrackingAndDeleteUser	1
ThinkingAnalytics	ThinkingData.Analytics.Wrapper.TDWrapper	optInTracking	1
ThinkingAnalytics	ThinkingData.Analytics.Wrapper.TDWrapper	enableTracking	2
AdjustSdk.Scripts	AdjustSdk.JSONNode	Add	2
Firebase.App	Firebase.AppUtilPINVOKE+SWIGStringHelper	CreateString	1
Coffee.UIParticle	Coffee.UIParticleInternal.Logger	Log_Internal	4
Coffee.UIParticle	Coffee.UIParticleInternal.Logger	LogIf	4
Coffee.UIParticle	Coffee.UIParticleInternal.Logger	Log	3
Coffee.UIParticle	Coffee.UIParticleInternal.Logger	LogWarning	3
Coffee.UIParticle	Coffee.UIParticleInternal.Logger	LogMulticast	4
Coffee.UIParticle	Coffee.UIParticleInternal.Logger	AppendTag	2
Coffee.UIParticle	Coffee.UIParticleInternal.Logger	AppendType	2
Coffee.UIParticle	Coffee.UIParticleInternal.Logger	AppendReadableCode	2
Coffee.UIParticle	Coffee.UIParticleInternal.Misc	SetDirty	1
Coffee.UIParticle	Coffee.UIParticleInternal.Misc	QueuePlayerLoopUpdate	0
Coffee.UIParticle	Coffee.UIExtensions.AnimatableProperty	UnityEngine.ISerializationCallbackReceiver.OnBeforeSerialize	0
Coffee.UIParticle	Coffee.UIExtensions.UIParticle	set_raycastTarget	1
Coffee.UIParticle	Coffee.UIExtensions.UIParticle	OnDidApplyAnimationProperties	0
Coffee.UIParticle	Coffee.UIExtensions.UIParticle	UnityEngine.ISerializationCallbackReceiver.OnBeforeSerialize	0
Coffee.UIParticle	Coffee.UIExtensions.UIParticle	UpdateMaterial	0
Coffee.UIParticle	Coffee.UIExtensions.UIParticle	UpdateGeometry	0
Coffee.UIParticle	Coffee.UIExtensions.UIParticleAttractor	UnityEngine.ISerializationCallbackReceiver.OnAfterDeserialize	0
Coffee.UIParticle	Coffee.UIExtensions.UIParticleRenderer	UpdateGeometry	0
Dreamteck.Utilities	Dreamteck.AsyncJobSystem+<JobCoroutine>d__5	System.IDisposable.Dispose	0
Dreamteck.Utilities	Dreamteck.PrivateSingleton`1	Init	0
Dreamteck.Utilities	Dreamteck.TS_Mesh	set_vertexCount	1
UnityEngine.InputForUIModule	UnityEngine.InputForUI.KeyEvent+ButtonsState+<GetAllPressed>d__8	System.IDisposable.Dispose	0
UnityEngine.InputForUIModule	UnityEngine.InputForUI.InputEventPartialProvider	Shutdown	0
UnityEngine.InputForUIModule	UnityEngine.InputForUI.InputManagerProvider	Shutdown	0
UnityEngine.UnityWebRequestModule	UnityEngine.Networking.DownloadHandler	ReceiveContentLength	1
UnityEngine.UnityWebRequestModule	UnityEngine.Networking.DownloadHandler	CompleteContent	0
System.Xml.Linq	System.Xml.Linq.XContainer+<Nodes>d__18	System.IDisposable.Dispose	0
System.Xml.Linq	System.Xml.Linq.XContainer+<GetElements>d__39	System.IDisposable.Dispose	0
System.Xml.Linq	System.Xml.Linq.XContainer	AddAttribute	1
System.Xml.Linq	System.Xml.Linq.XContainer	AddAttributeSkipNotify	1
System.Xml.Linq	System.Xml.Linq.XContainer	ValidateNode	2
System.Xml.Linq	System.Xml.Linq.XContainer	ValidateString	1
System.Xml.Linq	System.Xml.Linq.XElement+<GetAttributes>d__116	System.IDisposable.Dispose	0
System.Xml.Linq	System.Xml.Linq.XNode	AppendText	1
UnityEngine.HierarchyCoreModule	Unity.Hierarchy.HierarchyNodeTypeHandlerBase	Initialize	0
UnityEngine.HierarchyCoreModule	Unity.Hierarchy.HierarchyNodeTypeHandlerBase	Dispose	1
UnityEngine.HierarchyCoreModule	Unity.Hierarchy.HierarchyFlattenedNode	GetNodeByRef	1
Unity.Mathematics	Unity.Mathematics.math	float2	2
Unity.Mathematics	Unity.Mathematics.math	float2x2	2
Unity.Mathematics	Unity.Mathematics.math	float3	3
Unity.Mathematics	Unity.Mathematics.math	float3	2
Unity.Mathematics	Unity.Mathematics.math	float3	2
Unity.Mathematics	Unity.Mathematics.math	float4	4
Unity.Mathematics	Unity.Mathematics.math	float4	3
Unity.Mathematics	Unity.Mathematics.math	float4	2
Unity.Mathematics	Unity.Mathematics.math	float4	2
Unity.Mathematics	Unity.Mathematics.math	asuint	1
Unity.Mathematics	Unity.Mathematics.math	asuint	1
Unity.Mathematics	Unity.Mathematics.math	quaternion	1
Unity.Mathematics	Unity.Mathematics.float2	op_Implicit	1
Unity.Mathematics	Unity.Mathematics.float2	op_Implicit	1
Unity.Mathematics	Unity.Mathematics.float3	op_Implicit	1
Unity.Mathematics	Unity.Mathematics.float3	op_Implicit	1
Unity.Mathematics	Unity.Mathematics.float4	op_Implicit	1
Unity.Mathematics	Unity.Mathematics.float4	op_Implicit	1
Unity.Mathematics	Unity.Mathematics.quaternion	op_Implicit	1
Unity.Burst	Unity.Burst.BurstCompiler	DummyMethod	0
Unity.Burst	Unity.Burst.BurstCompilerOptions	MaybeTriggerRecompilation	0
UnityEngine.AnimationModule	UnityEngine.StateMachineBehaviour	OnStateEnter	3
UnityEngine.AnimationModule	UnityEngine.StateMachineBehaviour	OnStateUpdate	3
UnityEngine.AnimationModule	UnityEngine.StateMachineBehaviour	OnStateExit	3
UnityEngine.AnimationModule	UnityEngine.StateMachineBehaviour	OnStateMove	3
UnityEngine.AnimationModule	UnityEngine.StateMachineBehaviour	OnStateIK	3
UnityEngine.AnimationModule	UnityEngine.StateMachineBehaviour	OnStateMachineEnter	2
UnityEngine.AnimationModule	UnityEngine.StateMachineBehaviour	OnStateMachineExit	2
UnityEngine.AnimationModule	UnityEngine.StateMachineBehaviour	OnStateEnter	4
UnityEngine.AnimationModule	UnityEngine.StateMachineBehaviour	OnStateUpdate	4
UnityEngine.AnimationModule	UnityEngine.StateMachineBehaviour	OnStateExit	4
UnityEngine.AnimationModule	UnityEngine.StateMachineBehaviour	OnStateMove	4
UnityEngine.AnimationModule	UnityEngine.StateMachineBehaviour	OnStateIK	4
UnityEngine.AnimationModule	UnityEngine.StateMachineBehaviour	OnStateMachineEnter	3
UnityEngine.AnimationModule	UnityEngine.StateMachineBehaviour	OnStateMachineExit	3
Firebase.Crashlytics	Firebase.Crashlytics.CrashlyticsInternalPINVOKE+SWIGStringHelper	CreateString	1
GoogleMobileAds.Common	GoogleMobileAds.Common.AppStateEventClient	<AppStateChanged>m__0	1
Lofelt.NiceVibrations	Lofelt.NiceVibrations.GamepadRumbler	Init	0
Lofelt.NiceVibrations	Lofelt.NiceVibrations.GamepadRumbler	SetCurrentGamepad	1
Lofelt.NiceVibrations	Lofelt.NiceVibrations.GamepadRumbler	Load	1
Lofelt.NiceVibrations	Lofelt.NiceVibrations.GamepadRumbler	Play	0
Lofelt.NiceVibrations	Lofelt.NiceVibrations.GamepadRumbler	Stop	0
Lofelt.NiceVibrations	Lofelt.NiceVibrations.GamepadRumbler	Unload	0
Lofelt.NiceVibrations	Lofelt.NiceVibrations.GamepadRumbler	ProcessNextRumble	0
Lofelt.NiceVibrations	Lofelt.NiceVibrations.HapticController	ApplyLevelsToGamepadRumbler	0
Lofelt.NiceVibrations	Lofelt.NiceVibrations.HapticReceiver	OnDestroy	0
Lofelt.NiceVibrations	Lofelt.NiceVibrations.LofeltHaptics	SetFrequencyShift	1
Lofelt.NiceVibrations	Lofelt.NiceVibrations.LofeltHaptics	TriggerPresetHaptics	1
Firebase.Messaging	Firebase.Messaging.FirebaseMessagingInternalPINVOKE+SWIGStringHelper	CreateString	1
Firebase.Platform	Firebase.Unity.UnitySynchronizationContext+SynchronizationContextBehavoir+<Start>d__3	System.IDisposable.Dispose	0
Firebase.Platform	Firebase.Platform.FirebaseAppUtilsStub	PollCallbacks	0
Firebase.Analytics	Firebase.Analytics.FirebaseAnalyticsInternalPINVOKE+SWIGStringHelper	CreateString	1
ToonyColorsPro2.Demo	ToonyColorsPro.Demo.TCP2_Demo_Interactive+<CR_MoveToContent>d__35	System.IDisposable.Dispose	0
ToonyColorsPro2.Demo	ToonyColorsPro.Demo.TCP2_Demo_Interactive+<CR_ResetCamPos>d__33	System.IDisposable.Dispose	0
UnityEngine.AccessibilityModule	UnityEngine.Accessibility.AccessibilityHierarchyService	Start	0
UnityEngine.TilemapModule	UnityEngine.Tilemaps.TileBase	GetTileData	3
Firebase.RemoteConfig	Firebase.RemoteConfig.RemoteConfigUtilPINVOKE+SWIGStringHelper	CreateString	1
Unity.Purchasing.Utilities	Purchasing.Utilities.MonoBehaviourUtil+<DelayedCoroutine>d__1	System.IDisposable.Dispose	0
DOTweenPro	DG.Tweening.Plugins.SpiralPlugin	Reset	1
DOTweenPro	DG.Tweening.Plugins.SpiralPlugin	SetFrom	2
DOTweenPro	DG.Tweening.Plugins.SpiralPlugin	SetFrom	4
DOTweenPro	DG.Tweening.Plugins.SpiralPlugin	ConvertToStartValue	2
DOTweenPro	DG.Tweening.Plugins.SpiralPlugin	SetRelativeEndValue	1
DOTweenPro	DG.Tweening.Plugins.SpiralPlugin	GetSpeedBasedDuration	3
Unity.InputSystem.ForUI	UnityEngine.InputSystem.Plugins.InputForUI.InputSystemProvider	Bootstrap	0
UnityEngine.GridModule	UnityEngine.GridLayout	DoNothing	0
PimDeWitte.UnityMainThreadDispatcher	PimDeWitte.UnityMainThreadDispatcher.UnityMainThreadDispatcher+<ActionWrapper>d__5	System.IDisposable.Dispose	0
Unity.Services.Core.Device	Unity.Services.Core.Device.UnityEngineIdentifier	set_UserId	1
System.Runtime.CompilerServices.Unsafe	System.Runtime.CompilerServices.Unsafe	As	1
System.Configuration	System.Configuration.ConfigurationCollectionAttribute	.ctor	1
Unity.Services.Core.Telemetry	Unity.Services.Core.Telemetry.Internal.Diagnostics	SendDiagnostic	3
Unity.Services.Core.Telemetry	Unity.Services.Core.Telemetry.Internal.Metrics	Unity.Services.Core.Telemetry.Internal.IMetrics.SendGaugeMetric	3
Unity.Services.Core.Telemetry	Unity.Services.Core.Telemetry.Internal.Metrics	Unity.Services.Core.Telemetry.Internal.IMetrics.SendHistogramMetric	3
Unity.Services.Core.Telemetry	Unity.Services.Core.Telemetry.Internal.Metrics	Unity.Services.Core.Telemetry.Internal.IMetrics.SendSumMetric	3
Unity.Burst.Unsafe	Unity.Burst.Unsafe	AsRef	1
